                              1 ;--------------------------------------------------------
                              2 ; File Created by SDCC : free open source ANSI-C Compiler
                              3 ; Version 3.3.0 #8604 (May 11 2013) (MINGW64)
                              4 ; This file was generated Wed Jun 10 08:26:41 2026
                              5 ;--------------------------------------------------------
                              6 	.module fat
                              7 	.optsdcc -mz80
                              8 	
                              9 ;--------------------------------------------------------
                             10 ; Public variables in this module
                             11 ;--------------------------------------------------------
                             12 	.globl _fat_make_dos_name
                             13 	.globl _fat_next_dir_sector
                             14 	.globl _fat_make_lfn
                             15 	.globl _fat_make_hdr
                             16 	.globl _fat_cache_save_data
                             17 	.globl _sysMemCopy
                             18 	.globl _sysMemSet
                             19 	.globl _osGetTime
                             20 	.globl _osGetDate
                             21 	.globl _osReleaseRam
                             22 	.globl _osMallocRam
                             23 	.globl _str_append
                             24 	.globl _str_extension
                             25 	.globl _str_length
                             26 	.globl _str_cmp_len
                             27 	.globl _diskReadToRom
                             28 	.globl _diskReadToRam
                             29 	.globl _diskWrite
                             30 	.globl _file
                             31 	.globl _fat_cov_dir
                             32 	.globl _fat_cov_dir_buff
                             33 	.globl _fat_dir
                             34 	.globl _fat_tab
                             35 	.globl _fat_dat
                             36 	.globl _fat_dir_is_root
                             37 	.globl _fat_cov_dir_size
                             38 	.globl _fat_dir_size
                             39 	.globl _fat_sub_dir_clust
                             40 	.globl _fat_first_free_clust
                             41 	.globl _fat_cluster_size_pow
                             42 	.globl _fat_type
                             43 	.globl _fat_cluster_size
                             44 	.globl _fat_reserved_sectors
                             45 	.globl _fat_data_entry
                             46 	.globl _fat_root_entry
                             47 	.globl _fat_sectors_per_fat
                             48 	.globl _fat_tab_sector
                             49 	.globl _fat_dat_sector
                             50 	.globl _fat_pbr_entry
                             51 	.globl _fat_entry
                             52 	.globl _fat_clust_num
                             53 	.globl _fat_init
                             54 	.globl _fat_cache_read_dat
                             55 	.globl _fat_cache_read_tab
                             56 	.globl _fat_get_type
                             57 	.globl _fat_bytes_to_short
                             58 	.globl _fat_load_dir
                             59 	.globl _fat_filter_cover_records
                             60 	.globl _fat_cluster_to_sector
                             61 	.globl _fat_sector_to_cluster
                             62 	.globl _fat_in_cluster_addr
                             63 	.globl _fat_get_table_record
                             64 	.globl _fat_get_next_cluster
                             65 	.globl _fat_get_full_record
                             66 	.globl _fat_open_file
                             67 	.globl _fat_skip_sectors
                             68 	.globl _fat_read
                             69 	.globl _fat_make_path_name
                             70 	.globl _fat_make_sync_name
                             71 	.globl _fat_open_file_by_name
                             72 	.globl _fat_seek_record
                             73 	.globl _fat_bytes_to_int_le
                             74 	.globl _fat_int_to_bytes_le
                             75 	.globl _fat_seek_free_cluster
                             76 	.globl _fat_cache_save_tab
                             77 	.globl _fat_catch_clusters
                             78 	.globl _fat_resize_file
                             79 	.globl _fat_seek_rec_end
                             80 	.globl _fat_join
                             81 	.globl _fat_write_file
                             82 	.globl _fat_expand
                             83 	.globl _fat_clean_cluster
                             84 	.globl _fat_make_record
                             85 	.globl _fat_make_dir
                             86 ;--------------------------------------------------------
                             87 ; special function registers
                             88 ;--------------------------------------------------------
                             89 ;--------------------------------------------------------
                             90 ; ram data
                             91 ;--------------------------------------------------------
                             92 	.area _DATA
   0000                      93 _fat_clust_num::
   0000                      94 	.ds 4
   0004                      95 _fat_entry::
   0004                      96 	.ds 4
   0008                      97 _fat_pbr_entry::
   0008                      98 	.ds 4
   000C                      99 _fat_dat_sector::
   000C                     100 	.ds 4
   0010                     101 _fat_tab_sector::
   0010                     102 	.ds 4
   0014                     103 _fat_sectors_per_fat::
   0014                     104 	.ds 4
   0018                     105 _fat_root_entry::
   0018                     106 	.ds 4
   001C                     107 _fat_data_entry::
   001C                     108 	.ds 4
   0020                     109 _fat_reserved_sectors::
   0020                     110 	.ds 2
   0022                     111 _fat_cluster_size::
   0022                     112 	.ds 1
   0023                     113 _fat_type::
   0023                     114 	.ds 1
   0024                     115 _fat_cluster_size_pow::
   0024                     116 	.ds 1
   0025                     117 _fat_first_free_clust::
   0025                     118 	.ds 4
   0029                     119 _fat_sub_dir_clust::
   0029                     120 	.ds 4
   002D                     121 _fat_dir_size::
   002D                     122 	.ds 2
   002F                     123 _fat_cov_dir_size::
   002F                     124 	.ds 2
   0031                     125 _fat_dir_is_root::
   0031                     126 	.ds 1
   0032                     127 _fat_dat::
   0032                     128 	.ds 2
   0034                     129 _fat_tab::
   0034                     130 	.ds 2
   0036                     131 _fat_dir::
   0036                     132 	.ds 2
   0038                     133 _fat_cov_dir_buff::
   0038                     134 	.ds 512
   0238                     135 _fat_cov_dir::
   0238                     136 	.ds 2
   023A                     137 _file::
   023A                     138 	.ds 16
   024A                     139 _fat_cluster_to_sector_val_1_113:
   024A                     140 	.ds 4
   024E                     141 _fat_sector_to_cluster_val_1_115:
   024E                     142 	.ds 4
                            143 ;--------------------------------------------------------
                            144 ; ram data
                            145 ;--------------------------------------------------------
                            146 	.area _INITIALIZED
                            147 ;--------------------------------------------------------
                            148 ; absolute external ram data
                            149 ;--------------------------------------------------------
                            150 	.area _DABS (ABS)
                            151 ;--------------------------------------------------------
                            152 ; global & static initialisations
                            153 ;--------------------------------------------------------
                            154 	.area _HOME
                            155 	.area _GSINIT
                            156 	.area _GSFINAL
                            157 	.area _GSINIT
                            158 ;--------------------------------------------------------
                            159 ; Home
                            160 ;--------------------------------------------------------
                            161 	.area _HOME
                            162 	.area _HOME
                            163 ;--------------------------------------------------------
                            164 ; code
                            165 ;--------------------------------------------------------
                            166 	.area _CODE
                            167 ;fat.c:75: u8 fat_init() {
                            168 ;	---------------------------------
                            169 ; Function fat_init
                            170 ; ---------------------------------
   0000                     171 _fat_init_start::
   0000                     172 _fat_init:
   0000 DD E5         [15]  173 	push	ix
   0002 DD 21 00 00   [14]  174 	ld	ix,#0
   0006 DD 39         [15]  175 	add	ix,sp
   0008 21 FB FF      [10]  176 	ld	hl,#-5
   000B 39            [11]  177 	add	hl,sp
   000C F9            [ 6]  178 	ld	sp,hl
                            179 ;fat.c:78: fat_dat = (u8 *) osMallocRam(512);
   000D 21 00 02      [10]  180 	ld	hl,#0x0200
   0010 E5            [11]  181 	push	hl
   0011 CDr00r00      [17]  182 	call	_osMallocRam
   0014 F1            [10]  183 	pop	af
   0015 22r32r00      [16]  184 	ld	(_fat_dat),hl
                            185 ;fat.c:79: fat_tab = (u8 *) osMallocRam(512);
   0018 21 00 02      [10]  186 	ld	hl,#0x0200
   001B E5            [11]  187 	push	hl
   001C CDr00r00      [17]  188 	call	_osMallocRam
   001F F1            [10]  189 	pop	af
   0020 22r34r00      [16]  190 	ld	(_fat_tab),hl
                            191 ;fat.c:80: fat_dir = (u32 *) osMallocRam(OS_MAX_DIR_SIZE * 4);
   0023 21 00 08      [10]  192 	ld	hl,#0x0800
   0026 E5            [11]  193 	push	hl
   0027 CDr00r00      [17]  194 	call	_osMallocRam
   002A F1            [10]  195 	pop	af
   002B 22r36r00      [16]  196 	ld	(_fat_dir),hl
                            197 ;fat.c:81: fat_cov_dir = fat_cov_dir_buff;
   002E 21r38r00      [10]  198 	ld	hl,#_fat_cov_dir_buff
   0031 22r38r02      [16]  199 	ld	(_fat_cov_dir),hl
                            200 ;fat.c:83: fat_dat_sector = ~0;
   0034 21r0Cr00      [10]  201 	ld	hl,#_fat_dat_sector + 0
   0037 36 FF         [10]  202 	ld	(hl), #0xFF
   0039 21r0Dr00      [10]  203 	ld	hl,#_fat_dat_sector + 1
   003C 36 FF         [10]  204 	ld	(hl), #0xFF
   003E 21r0Er00      [10]  205 	ld	hl,#_fat_dat_sector + 2
   0041 36 FF         [10]  206 	ld	(hl), #0xFF
   0043 21r0Fr00      [10]  207 	ld	hl,#_fat_dat_sector + 3
   0046 36 FF         [10]  208 	ld	(hl), #0xFF
                            209 ;fat.c:84: fat_tab_sector = ~0;
   0048 21r10r00      [10]  210 	ld	hl,#_fat_tab_sector + 0
   004B 36 FF         [10]  211 	ld	(hl), #0xFF
   004D 21r11r00      [10]  212 	ld	hl,#_fat_tab_sector + 1
   0050 36 FF         [10]  213 	ld	(hl), #0xFF
   0052 21r12r00      [10]  214 	ld	hl,#_fat_tab_sector + 2
   0055 36 FF         [10]  215 	ld	(hl), #0xFF
   0057 21r13r00      [10]  216 	ld	hl,#_fat_tab_sector + 3
   005A 36 FF         [10]  217 	ld	(hl), #0xFF
                            218 ;fat.c:86: fat_pbr_entry = 0;
   005C AF            [ 4]  219 	xor	a, a
   005D 32r08r00      [13]  220 	ld	(#_fat_pbr_entry + 0),a
   0060 32r09r00      [13]  221 	ld	(#_fat_pbr_entry + 1),a
   0063 32r0Ar00      [13]  222 	ld	(#_fat_pbr_entry + 2),a
   0066 32r0Br00      [13]  223 	ld	(#_fat_pbr_entry + 3),a
                            224 ;fat.c:87: resp = fat_cache_read_dat(fat_pbr_entry);
   0069 21 00 00      [10]  225 	ld	hl,#0x0000
   006C E5            [11]  226 	push	hl
   006D 21 00 00      [10]  227 	ld	hl,#0x0000
   0070 E5            [11]  228 	push	hl
   0071 CDr13r02      [17]  229 	call	_fat_cache_read_dat
   0074 F1            [10]  230 	pop	af
   0075 F1            [10]  231 	pop	af
                            232 ;fat.c:88: if (resp)return resp;
   0076 DD 75 FB      [19]  233 	ld	-5 (ix), l
   0079 7D            [ 4]  234 	ld	a, l
   007A B7            [ 4]  235 	or	a, a
   007B 28 06         [12]  236 	jr	Z,00102$
   007D DD 6E FB      [19]  237 	ld	l,-5 (ix)
   0080 C3r01r02      [10]  238 	jp	00115$
   0083                     239 00102$:
                            240 ;fat.c:89: fat_type = fat_get_type();
   0083 CDr17r03      [17]  241 	call	_fat_get_type
   0086 FD 21r23r00   [14]  242 	ld	iy,#_fat_type
   008A FD 75 00      [19]  243 	ld	0 (iy),l
                            244 ;fat.c:91: if (fat_type == 0) {
   008D 3Ar23r00      [13]  245 	ld	a,(#_fat_type + 0)
   0090 B7            [ 4]  246 	or	a, a
   0091 20 44         [12]  247 	jr	NZ,00108$
                            248 ;fat.c:92: fat_bytes_to_int_le(&fat_dat[0x1c6], &fat_pbr_entry);
   0093 11r08r00      [10]  249 	ld	de,#_fat_pbr_entry
   0096 FD 21 C6 01   [14]  250 	ld	iy,#0x01C6
   009A ED 4Br32r00   [20]  251 	ld	bc,(_fat_dat)
   009E FD 09         [15]  252 	add	iy, bc
   00A0 D5            [11]  253 	push	de
   00A1 FD E5         [15]  254 	push	iy
   00A3 CDrD9r16      [17]  255 	call	_fat_bytes_to_int_le
   00A6 F1            [10]  256 	pop	af
   00A7 F1            [10]  257 	pop	af
                            258 ;fat.c:93: resp = fat_cache_read_dat(fat_pbr_entry);
   00A8 2Ar0Ar00      [16]  259 	ld	hl,(_fat_pbr_entry + 2)
   00AB E5            [11]  260 	push	hl
   00AC 2Ar08r00      [16]  261 	ld	hl,(_fat_pbr_entry)
   00AF E5            [11]  262 	push	hl
   00B0 CDr13r02      [17]  263 	call	_fat_cache_read_dat
   00B3 F1            [10]  264 	pop	af
   00B4 F1            [10]  265 	pop	af
                            266 ;fat.c:94: if (resp)return resp;
   00B5 DD 75 FB      [19]  267 	ld	-5 (ix), l
   00B8 7D            [ 4]  268 	ld	a, l
   00B9 B7            [ 4]  269 	or	a, a
   00BA 28 06         [12]  270 	jr	Z,00104$
   00BC DD 6E FB      [19]  271 	ld	l,-5 (ix)
   00BF C3r01r02      [10]  272 	jp	00115$
   00C2                     273 00104$:
                            274 ;fat.c:95: fat_type = fat_get_type();
   00C2 CDr17r03      [17]  275 	call	_fat_get_type
   00C5 FD 21r23r00   [14]  276 	ld	iy,#_fat_type
   00C9 FD 75 00      [19]  277 	ld	0 (iy),l
                            278 ;fat.c:96: if (fat_type == 0)return FAT_ERR_UNK_TYPE;
   00CC 3Ar23r00      [13]  279 	ld	a,(#_fat_type + 0)
   00CF B7            [ 4]  280 	or	a, a
   00D0 20 05         [12]  281 	jr	NZ,00108$
   00D2 2E F6         [ 7]  282 	ld	l,#0xF6
   00D4 C3r01r02      [10]  283 	jp	00115$
   00D7                     284 00108$:
                            285 ;fat.c:99: if (fat_type == FAT_TYPE_16) {
   00D7 3Ar23r00      [13]  286 	ld	a,(#_fat_type + 0)
   00DA 3D            [ 4]  287 	dec	a
   00DB 20 05         [12]  288 	jr	NZ,00110$
                            289 ;fat.c:100: return FAT_ERR_FAT16;
   00DD 2E FB         [ 7]  290 	ld	l,#0xFB
   00DF C3r01r02      [10]  291 	jp	00115$
   00E2                     292 00110$:
                            293 ;fat.c:102: fat_bytes_to_int_le(&fat_dat[0x24], &fat_sectors_per_fat);
   00E2 11r14r00      [10]  294 	ld	de,#_fat_sectors_per_fat
   00E5 FD 21 24 00   [14]  295 	ld	iy,#0x0024
   00E9 ED 4Br32r00   [20]  296 	ld	bc,(_fat_dat)
   00ED FD 09         [15]  297 	add	iy, bc
   00EF D5            [11]  298 	push	de
   00F0 FD E5         [15]  299 	push	iy
   00F2 CDrD9r16      [17]  300 	call	_fat_bytes_to_int_le
   00F5 F1            [10]  301 	pop	af
   00F6 F1            [10]  302 	pop	af
                            303 ;fat.c:103: fat_clust_num = fat_sectors_per_fat * 128;
   00F7 F5            [11]  304 	push	af
   00F8 3Ar14r00      [13]  305 	ld	a,(#_fat_sectors_per_fat + 0)
   00FB 32r00r00      [13]  306 	ld	(#_fat_clust_num + 0),a
   00FE 3Ar15r00      [13]  307 	ld	a,(#_fat_sectors_per_fat + 1)
   0101 32r01r00      [13]  308 	ld	(#_fat_clust_num + 1),a
   0104 3Ar16r00      [13]  309 	ld	a,(#_fat_sectors_per_fat + 2)
   0107 32r02r00      [13]  310 	ld	(#_fat_clust_num + 2),a
   010A 3Ar17r00      [13]  311 	ld	a,(#_fat_sectors_per_fat + 3)
   010D 32r03r00      [13]  312 	ld	(#_fat_clust_num + 3),a
   0110 F1            [10]  313 	pop	af
   0111 06 07         [ 7]  314 	ld	b,#0x07
   0113                     315 00140$:
   0113 FD 21r00r00   [14]  316 	ld	iy,#_fat_clust_num
   0117 FD CB 00 26   [23]  317 	sla	0 (iy)
   011B FD 21r00r00   [14]  318 	ld	iy,#_fat_clust_num
   011F FD CB 01 16   [23]  319 	rl	1 (iy)
   0123 FD 21r00r00   [14]  320 	ld	iy,#_fat_clust_num
   0127 FD CB 02 16   [23]  321 	rl	2 (iy)
   012B FD 21r00r00   [14]  322 	ld	iy,#_fat_clust_num
   012F FD CB 03 16   [23]  323 	rl	3 (iy)
   0133 10 DE         [13]  324 	djnz	00140$
                            325 ;fat.c:106: fat_reserved_sectors = fat_bytes_to_short(&fat_dat[0x0E]);
   0135 FD 21 0E 00   [14]  326 	ld	iy,#0x000E
   0139 ED 5Br32r00   [20]  327 	ld	de,(_fat_dat)
   013D FD 19         [15]  328 	add	iy, de
   013F FD E5         [15]  329 	push	iy
   0141 CDr61r03      [17]  330 	call	_fat_bytes_to_short
   0144 F1            [10]  331 	pop	af
   0145 22r20r00      [16]  332 	ld	(_fat_reserved_sectors),hl
                            333 ;fat.c:107: fat_cluster_size = fat_dat[0x0D];
   0148 2Ar32r00      [16]  334 	ld	hl,(_fat_dat)
   014B 11 0D 00      [10]  335 	ld	de, #0x000D
   014E 19            [11]  336 	add	hl, de
   014F 7E            [ 7]  337 	ld	a,(hl)
   0150 32r22r00      [13]  338 	ld	(#_fat_cluster_size + 0),a
                            339 ;fat.c:108: fat_root_entry = fat_sectors_per_fat * 2 + fat_pbr_entry + fat_reserved_sectors;
   0153 F5            [11]  340 	push	af
   0154 21r14r00      [10]  341 	ld	hl,#_fat_sectors_per_fat + 0
   0157 56            [ 7]  342 	ld	d, (hl)
   0158 21r15r00      [10]  343 	ld	hl,#_fat_sectors_per_fat + 1
   015B 46            [ 7]  344 	ld	b, (hl)
   015C 21r16r00      [10]  345 	ld	hl,#_fat_sectors_per_fat + 2
   015F 5E            [ 7]  346 	ld	e, (hl)
   0160 21r17r00      [10]  347 	ld	hl,#_fat_sectors_per_fat + 3
   0163 4E            [ 7]  348 	ld	c, (hl)
   0164 F1            [10]  349 	pop	af
   0165 CB 22         [ 8]  350 	sla	d
   0167 CB 10         [ 8]  351 	rl	b
   0169 CB 13         [ 8]  352 	rl	e
   016B CB 11         [ 8]  353 	rl	c
   016D 7A            [ 4]  354 	ld	a,d
   016E 21r08r00      [10]  355 	ld	hl,#_fat_pbr_entry
   0171 86            [ 7]  356 	add	a, (hl)
   0172 DD 77 FC      [19]  357 	ld	-4 (ix),a
   0175 78            [ 4]  358 	ld	a,b
   0176 23            [ 6]  359 	inc	hl
   0177 8E            [ 7]  360 	adc	a, (hl)
   0178 DD 77 FD      [19]  361 	ld	-3 (ix),a
   017B 7B            [ 4]  362 	ld	a,e
   017C 23            [ 6]  363 	inc	hl
   017D 8E            [ 7]  364 	adc	a, (hl)
   017E DD 77 FE      [19]  365 	ld	-2 (ix),a
   0181 79            [ 4]  366 	ld	a,c
   0182 23            [ 6]  367 	inc	hl
   0183 8E            [ 7]  368 	adc	a, (hl)
   0184 DD 77 FF      [19]  369 	ld	-1 (ix),a
   0187 21r20r00      [10]  370 	ld	hl,#_fat_reserved_sectors + 0
   018A 5E            [ 7]  371 	ld	e, (hl)
   018B 21r21r00      [10]  372 	ld	hl,#_fat_reserved_sectors + 1
   018E 56            [ 7]  373 	ld	d, (hl)
   018F 01 00 00      [10]  374 	ld	bc,#0x0000
   0192 DD 7E FC      [19]  375 	ld	a,-4 (ix)
   0195 21r18r00      [10]  376 	ld	hl,#_fat_root_entry
   0198 83            [ 4]  377 	add	a, e
   0199 77            [ 7]  378 	ld	(hl),a
   019A DD 7E FD      [19]  379 	ld	a,-3 (ix)
   019D 8A            [ 4]  380 	adc	a, d
   019E 23            [ 6]  381 	inc	hl
   019F 77            [ 7]  382 	ld	(hl),a
   01A0 DD 7E FE      [19]  383 	ld	a,-2 (ix)
   01A3 89            [ 4]  384 	adc	a, c
   01A4 23            [ 6]  385 	inc	hl
   01A5 77            [ 7]  386 	ld	(hl),a
   01A6 DD 7E FF      [19]  387 	ld	a,-1 (ix)
   01A9 88            [ 4]  388 	adc	a, b
   01AA 23            [ 6]  389 	inc	hl
   01AB 77            [ 7]  390 	ld	(hl),a
                            391 ;fat.c:109: fat_entry = fat_pbr_entry + fat_reserved_sectors;
   01AC 21r04r00      [10]  392 	ld	hl,#_fat_entry
   01AF 3Ar08r00      [13]  393 	ld	a,(#_fat_pbr_entry + 0)
   01B2 83            [ 4]  394 	add	a, e
   01B3 77            [ 7]  395 	ld	(hl),a
   01B4 3Ar09r00      [13]  396 	ld	a,(#_fat_pbr_entry + 1)
   01B7 8A            [ 4]  397 	adc	a, d
   01B8 23            [ 6]  398 	inc	hl
   01B9 77            [ 7]  399 	ld	(hl),a
   01BA 3Ar0Ar00      [13]  400 	ld	a,(#_fat_pbr_entry + 2)
   01BD 89            [ 4]  401 	adc	a, c
   01BE 23            [ 6]  402 	inc	hl
   01BF 77            [ 7]  403 	ld	(hl),a
   01C0 3Ar0Br00      [13]  404 	ld	a,(#_fat_pbr_entry + 3)
   01C3 88            [ 4]  405 	adc	a, b
   01C4 23            [ 6]  406 	inc	hl
   01C5 77            [ 7]  407 	ld	(hl),a
                            408 ;fat.c:110: fat_data_entry = fat_root_entry;
   01C6 11r1Cr00      [10]  409 	ld	de, #_fat_data_entry
   01C9 21r18r00      [10]  410 	ld	hl, #_fat_root_entry
   01CC 01 04 00      [10]  411 	ld	bc, #4
   01CF ED B0         [21]  412 	ldir
                            413 ;fat.c:112: resp = fat_cluster_size;
   01D1 3Ar22r00      [13]  414 	ld	a,(#_fat_cluster_size + 0)
   01D4 DD 77 FB      [19]  415 	ld	-5 (ix),a
                            416 ;fat.c:113: fat_cluster_size_pow = 0;
   01D7 21r24r00      [10]  417 	ld	hl,#_fat_cluster_size_pow + 0
   01DA 36 00         [10]  418 	ld	(hl), #0x00
                            419 ;fat.c:115: while (resp > 1) {
   01DC                     420 00112$:
   01DC 3E 01         [ 7]  421 	ld	a,#0x01
   01DE DD 96 FB      [19]  422 	sub	a, -5 (ix)
   01E1 30 0D         [12]  423 	jr	NC,00114$
                            424 ;fat.c:116: resp >>= 1;
   01E3 DD CB FB 3E   [23]  425 	srl	-5 (ix)
   01E7 DD 7E FB      [19]  426 	ld	a, -5 (ix)
                            427 ;fat.c:117: fat_cluster_size_pow++;
   01EA 21r24r00      [10]  428 	ld	hl, #_fat_cluster_size_pow+0
   01ED 34            [11]  429 	inc	(hl)
   01EE 18 EC         [12]  430 	jr	00112$
   01F0                     431 00114$:
                            432 ;fat.c:120: fat_first_free_clust = 2;
   01F0 21r25r00      [10]  433 	ld	hl,#_fat_first_free_clust + 0
   01F3 36 02         [10]  434 	ld	(hl), #0x02
   01F5 AF            [ 4]  435 	xor	a, a
   01F6 32r26r00      [13]  436 	ld	(#_fat_first_free_clust + 1),a
   01F9 32r27r00      [13]  437 	ld	(#_fat_first_free_clust + 2),a
   01FC 32r28r00      [13]  438 	ld	(#_fat_first_free_clust + 3),a
                            439 ;fat.c:124: return 0;
   01FF 2E 00         [ 7]  440 	ld	l,#0x00
   0201                     441 00115$:
   0201 DD F9         [10]  442 	ld	sp,ix
   0203 DD E1         [14]  443 	pop	ix
   0205 C9            [10]  444 	ret
   0206                     445 _fat_init_end::
   0206                     446 _lfn_char_struct:
   0206 01                  447 	.db #0x01	; 1
   0207 03                  448 	.db #0x03	; 3
   0208 05                  449 	.db #0x05	; 5
   0209 07                  450 	.db #0x07	; 7
   020A 09                  451 	.db #0x09	; 9
   020B 0E                  452 	.db #0x0E	; 14
   020C 10                  453 	.db #0x10	; 16
   020D 12                  454 	.db #0x12	; 18
   020E 14                  455 	.db #0x14	; 20
   020F 16                  456 	.db #0x16	; 22
   0210 18                  457 	.db #0x18	; 24
   0211 1C                  458 	.db #0x1C	; 28
   0212 1E                  459 	.db #0x1E	; 30
                            460 ;fat.c:127: u8 fat_cache_read_dat(u32 sector) {
                            461 ;	---------------------------------
                            462 ; Function fat_cache_read_dat
                            463 ; ---------------------------------
   0213                     464 _fat_cache_read_dat_start::
   0213                     465 _fat_cache_read_dat:
   0213 DD E5         [15]  466 	push	ix
   0215 DD 21 00 00   [14]  467 	ld	ix,#0
   0219 DD 39         [15]  468 	add	ix,sp
                            469 ;fat.c:129: if (sector == fat_dat_sector)return 0;
   021B DD 7E 04      [19]  470 	ld	a,4 (ix)
   021E FD 21r0Cr00   [14]  471 	ld	iy,#_fat_dat_sector
   0222 FD 96 00      [19]  472 	sub	a, 0 (iy)
   0225 20 28         [12]  473 	jr	NZ,00102$
   0227 DD 7E 05      [19]  474 	ld	a,5 (ix)
   022A FD 21r0Cr00   [14]  475 	ld	iy,#_fat_dat_sector
   022E FD 96 01      [19]  476 	sub	a, 1 (iy)
   0231 20 1C         [12]  477 	jr	NZ,00102$
   0233 DD 7E 06      [19]  478 	ld	a,6 (ix)
   0236 FD 21r0Cr00   [14]  479 	ld	iy,#_fat_dat_sector
   023A FD 96 02      [19]  480 	sub	a, 2 (iy)
   023D 20 10         [12]  481 	jr	NZ,00102$
   023F DD 7E 07      [19]  482 	ld	a,7 (ix)
   0242 FD 21r0Cr00   [14]  483 	ld	iy,#_fat_dat_sector
   0246 FD 96 03      [19]  484 	sub	a, 3 (iy)
   0249 20 04         [12]  485 	jr	NZ,00102$
   024B 2E 00         [ 7]  486 	ld	l,#0x00
   024D 18 29         [12]  487 	jr	00103$
   024F                     488 00102$:
                            489 ;fat.c:130: fat_dat_sector = sector;
   024F 11r0Cr00      [10]  490 	ld	de, #_fat_dat_sector
   0252 21 04 00      [10]  491 	ld	hl, #4
   0255 39            [11]  492 	add	hl, sp
   0256 01 04 00      [10]  493 	ld	bc, #4
   0259 ED B0         [21]  494 	ldir
                            495 ;fat.c:131: return diskReadToRam(sector, fat_dat, 1);
   025B 2Ar32r00      [16]  496 	ld	hl,(_fat_dat)
   025E 01 01 00      [10]  497 	ld	bc,#0x0001
   0261 C5            [11]  498 	push	bc
   0262 E5            [11]  499 	push	hl
   0263 DD 6E 06      [19]  500 	ld	l,6 (ix)
   0266 DD 66 07      [19]  501 	ld	h,7 (ix)
   0269 E5            [11]  502 	push	hl
   026A DD 6E 04      [19]  503 	ld	l,4 (ix)
   026D DD 66 05      [19]  504 	ld	h,5 (ix)
   0270 E5            [11]  505 	push	hl
   0271 CDr00r00      [17]  506 	call	_diskReadToRam
   0274 F1            [10]  507 	pop	af
   0275 F1            [10]  508 	pop	af
   0276 F1            [10]  509 	pop	af
   0277 F1            [10]  510 	pop	af
   0278                     511 00103$:
   0278 DD E1         [14]  512 	pop	ix
   027A C9            [10]  513 	ret
   027B                     514 _fat_cache_read_dat_end::
                            515 ;fat.c:135: u8 fat_cache_read_tab(u32 sector) {
                            516 ;	---------------------------------
                            517 ; Function fat_cache_read_tab
                            518 ; ---------------------------------
   027B                     519 _fat_cache_read_tab_start::
   027B                     520 _fat_cache_read_tab:
   027B DD E5         [15]  521 	push	ix
   027D DD 21 00 00   [14]  522 	ld	ix,#0
   0281 DD 39         [15]  523 	add	ix,sp
   0283 F5            [11]  524 	push	af
   0284 F5            [11]  525 	push	af
                            526 ;fat.c:138: if (sector == fat_tab_sector)return 0;
   0285 DD 7E 04      [19]  527 	ld	a,4 (ix)
   0288 FD 21r10r00   [14]  528 	ld	iy,#_fat_tab_sector
   028C FD 96 00      [19]  529 	sub	a, 0 (iy)
   028F 20 28         [12]  530 	jr	NZ,00102$
   0291 DD 7E 05      [19]  531 	ld	a,5 (ix)
   0294 FD 21r10r00   [14]  532 	ld	iy,#_fat_tab_sector
   0298 FD 96 01      [19]  533 	sub	a, 1 (iy)
   029B 20 1C         [12]  534 	jr	NZ,00102$
   029D DD 7E 06      [19]  535 	ld	a,6 (ix)
   02A0 FD 21r10r00   [14]  536 	ld	iy,#_fat_tab_sector
   02A4 FD 96 02      [19]  537 	sub	a, 2 (iy)
   02A7 20 10         [12]  538 	jr	NZ,00102$
   02A9 DD 7E 07      [19]  539 	ld	a,7 (ix)
   02AC FD 21r10r00   [14]  540 	ld	iy,#_fat_tab_sector
   02B0 FD 96 03      [19]  541 	sub	a, 3 (iy)
   02B3 20 04         [12]  542 	jr	NZ,00102$
   02B5 2E 00         [ 7]  543 	ld	l,#0x00
   02B7 18 59         [12]  544 	jr	00103$
   02B9                     545 00102$:
                            546 ;fat.c:139: fat_tab_sector = sector;
   02B9 11r10r00      [10]  547 	ld	de, #_fat_tab_sector
   02BC 21 08 00      [10]  548 	ld	hl, #8
   02BF 39            [11]  549 	add	hl, sp
   02C0 01 04 00      [10]  550 	ld	bc, #4
   02C3 ED B0         [21]  551 	ldir
                            552 ;fat.c:140: sector += fat_entry;
   02C5 DD 7E 04      [19]  553 	ld	a,4 (ix)
   02C8 21r04r00      [10]  554 	ld	hl,#_fat_entry
   02CB 86            [ 7]  555 	add	a, (hl)
   02CC DD 77 FC      [19]  556 	ld	-4 (ix),a
   02CF DD 7E 05      [19]  557 	ld	a,5 (ix)
   02D2 23            [ 6]  558 	inc	hl
   02D3 8E            [ 7]  559 	adc	a, (hl)
   02D4 DD 77 FD      [19]  560 	ld	-3 (ix),a
   02D7 DD 7E 06      [19]  561 	ld	a,6 (ix)
   02DA 23            [ 6]  562 	inc	hl
   02DB 8E            [ 7]  563 	adc	a, (hl)
   02DC DD 77 FE      [19]  564 	ld	-2 (ix),a
   02DF DD 7E 07      [19]  565 	ld	a,7 (ix)
   02E2 23            [ 6]  566 	inc	hl
   02E3 8E            [ 7]  567 	adc	a, (hl)
   02E4 DD 77 FF      [19]  568 	ld	-1 (ix),a
   02E7 21 08 00      [10]  569 	ld	hl, #8
   02EA 39            [11]  570 	add	hl, sp
   02EB EB            [ 4]  571 	ex	de, hl
   02EC 21 00 00      [10]  572 	ld	hl, #0
   02EF 39            [11]  573 	add	hl, sp
   02F0 01 04 00      [10]  574 	ld	bc, #4
   02F3 ED B0         [21]  575 	ldir
                            576 ;fat.c:142: return diskReadToRam(sector, fat_tab, 1);
   02F5 2Ar34r00      [16]  577 	ld	hl,(_fat_tab)
   02F8 01 01 00      [10]  578 	ld	bc,#0x0001
   02FB C5            [11]  579 	push	bc
   02FC E5            [11]  580 	push	hl
   02FD DD 6E 06      [19]  581 	ld	l,6 (ix)
   0300 DD 66 07      [19]  582 	ld	h,7 (ix)
   0303 E5            [11]  583 	push	hl
   0304 DD 6E 04      [19]  584 	ld	l,4 (ix)
   0307 DD 66 05      [19]  585 	ld	h,5 (ix)
   030A E5            [11]  586 	push	hl
   030B CDr00r00      [17]  587 	call	_diskReadToRam
   030E F1            [10]  588 	pop	af
   030F F1            [10]  589 	pop	af
   0310 F1            [10]  590 	pop	af
   0311 F1            [10]  591 	pop	af
   0312                     592 00103$:
   0312 DD F9         [10]  593 	ld	sp,ix
   0314 DD E1         [14]  594 	pop	ix
   0316 C9            [10]  595 	ret
   0317                     596 _fat_cache_read_tab_end::
                            597 ;fat.c:146: u8 fat_get_type() {
                            598 ;	---------------------------------
                            599 ; Function fat_get_type
                            600 ; ---------------------------------
   0317                     601 _fat_get_type_start::
   0317                     602 _fat_get_type:
                            603 ;fat.c:147: if (str_cmp_len(&fat_dat[0x36], "FAT", 3) != 0)return FAT_TYPE_16;
   0317 FD 21 36 00   [14]  604 	ld	iy,#0x0036
   031B ED 5Br32r00   [20]  605 	ld	de,(_fat_dat)
   031F FD 19         [15]  606 	add	iy, de
   0321 3E 03         [ 7]  607 	ld	a,#0x03
   0323 F5            [11]  608 	push	af
   0324 33            [ 6]  609 	inc	sp
   0325 21r5Dr03      [10]  610 	ld	hl,#__str_0
   0328 E5            [11]  611 	push	hl
   0329 FD E5         [15]  612 	push	iy
   032B CDr00r00      [17]  613 	call	_str_cmp_len
   032E F1            [10]  614 	pop	af
   032F F1            [10]  615 	pop	af
   0330 33            [ 6]  616 	inc	sp
   0331 7D            [ 4]  617 	ld	a,l
   0332 B7            [ 4]  618 	or	a, a
   0333 28 03         [12]  619 	jr	Z,00102$
   0335 2E 01         [ 7]  620 	ld	l,#0x01
   0337 C9            [10]  621 	ret
   0338                     622 00102$:
                            623 ;fat.c:148: if (str_cmp_len(&fat_dat[0x52], "FAT", 3) != 0)return FAT_TYPE_32;
   0338 11r5Dr03      [10]  624 	ld	de,#__str_0
   033B 3Ar32r00      [13]  625 	ld	a,(#_fat_dat + 0)
   033E C6 52         [ 7]  626 	add	a, #0x52
   0340 4F            [ 4]  627 	ld	c,a
   0341 3Ar33r00      [13]  628 	ld	a,(#_fat_dat + 1)
   0344 CE 00         [ 7]  629 	adc	a, #0x00
   0346 47            [ 4]  630 	ld	b,a
   0347 3E 03         [ 7]  631 	ld	a,#0x03
   0349 F5            [11]  632 	push	af
   034A 33            [ 6]  633 	inc	sp
   034B D5            [11]  634 	push	de
   034C C5            [11]  635 	push	bc
   034D CDr00r00      [17]  636 	call	_str_cmp_len
   0350 F1            [10]  637 	pop	af
   0351 F1            [10]  638 	pop	af
   0352 33            [ 6]  639 	inc	sp
   0353 7D            [ 4]  640 	ld	a,l
   0354 B7            [ 4]  641 	or	a, a
   0355 28 03         [12]  642 	jr	Z,00104$
   0357 2E 02         [ 7]  643 	ld	l,#0x02
   0359 C9            [10]  644 	ret
   035A                     645 00104$:
                            646 ;fat.c:149: return 0;
   035A 2E 00         [ 7]  647 	ld	l,#0x00
   035C C9            [10]  648 	ret
   035D                     649 _fat_get_type_end::
   035D                     650 __str_0:
   035D 46 41 54            651 	.ascii "FAT"
   0360 00                  652 	.db 0x00
                            653 ;fat.c:152: u16 fat_bytes_to_short(u8 *src) {
                            654 ;	---------------------------------
                            655 ; Function fat_bytes_to_short
                            656 ; ---------------------------------
   0361                     657 _fat_bytes_to_short_start::
   0361                     658 _fat_bytes_to_short:
   0361 DD E5         [15]  659 	push	ix
   0363 DD 21 00 00   [14]  660 	ld	ix,#0
   0367 DD 39         [15]  661 	add	ix,sp
                            662 ;fat.c:154: return *src | (src[1] << 8);
   0369 DD 6E 04      [19]  663 	ld	l,4 (ix)
   036C DD 66 05      [19]  664 	ld	h,5 (ix)
   036F 5E            [ 7]  665 	ld	e,(hl)
   0370 23            [ 6]  666 	inc	hl
   0371 56            [ 7]  667 	ld	d, (hl)
   0372 21 00 00      [10]  668 	ld	hl,#0x0000
   0375 7B            [ 4]  669 	ld	a,e
   0376 B5            [ 4]  670 	or	a, l
   0377 6F            [ 4]  671 	ld	l,a
   0378 7C            [ 4]  672 	ld	a,h
   0379 B2            [ 4]  673 	or	a, d
   037A 67            [ 4]  674 	ld	h,a
   037B DD E1         [14]  675 	pop	ix
   037D C9            [10]  676 	ret
   037E                     677 _fat_bytes_to_short_end::
                            678 ;fat.c:157: u8 fat_load_dir(u32 entry) {
                            679 ;	---------------------------------
                            680 ; Function fat_load_dir
                            681 ; ---------------------------------
   037E                     682 _fat_load_dir_start::
   037E                     683 _fat_load_dir:
   037E DD E5         [15]  684 	push	ix
   0380 DD 21 00 00   [14]  685 	ld	ix,#0
   0384 DD 39         [15]  686 	add	ix,sp
   0386 21 E8 FF      [10]  687 	ld	hl,#-24
   0389 39            [11]  688 	add	hl,sp
   038A F9            [ 6]  689 	ld	sp,hl
                            690 ;fat.c:170: lfn_record = 0;
   038B DD 36 ED 00   [19]  691 	ld	-19 (ix),#0x00
                            692 ;fat.c:171: first_char = 0;
   038F DD 36 FB 00   [19]  693 	ld	-5 (ix),#0x00
                            694 ;fat.c:172: fat_dir_size = 0;
   0393 21r2Dr00      [10]  695 	ld	hl,#_fat_dir_size + 0
   0396 36 00         [10]  696 	ld	(hl), #0x00
   0398 21r2Er00      [10]  697 	ld	hl,#_fat_dir_size + 1
   039B 36 00         [10]  698 	ld	(hl), #0x00
                            699 ;fat.c:173: fat_cov_dir_size = 0;
   039D 21r2Fr00      [10]  700 	ld	hl,#_fat_cov_dir_size + 0
   03A0 36 00         [10]  701 	ld	(hl), #0x00
   03A2 FD 21r2Fr00   [14]  702 	ld	iy,#_fat_cov_dir_size
   03A6 FD 36 01 00   [19]  703 	ld	1 (iy),#0x00
                            704 ;fat.c:176: if (entry == 0) {
   03AA DD 7E 07      [19]  705 	ld	a,7 (ix)
   03AD DD B6 06      [19]  706 	or	a, 6 (ix)
   03B0 DD B6 05      [19]  707 	or	a, 5 (ix)
   03B3 DD B6 04      [19]  708 	or	a,4 (ix)
   03B6 20 34         [12]  709 	jr	NZ,00104$
                            710 ;fat.c:177: sector = fat_root_entry;
   03B8 21 00 00      [10]  711 	ld	hl, #0
   03BB 39            [11]  712 	add	hl, sp
   03BC EB            [ 4]  713 	ex	de, hl
   03BD 21r18r00      [10]  714 	ld	hl, #_fat_root_entry
   03C0 01 04 00      [10]  715 	ld	bc, #4
   03C3 ED B0         [21]  716 	ldir
                            717 ;fat.c:178: entry = 2;
   03C5 DD 36 04 02   [19]  718 	ld	4 (ix),#0x02
   03C9 AF            [ 4]  719 	xor	a, a
   03CA DD 77 05      [19]  720 	ld	5 (ix),a
   03CD DD 77 06      [19]  721 	ld	6 (ix),a
   03D0 DD 77 07      [19]  722 	ld	7 (ix),a
                            723 ;fat.c:179: fat_dir_is_root = 1;
   03D3 21r31r00      [10]  724 	ld	hl,#_fat_dir_is_root + 0
   03D6 36 01         [10]  725 	ld	(hl), #0x01
                            726 ;fat.c:180: fat_sub_dir_clust = 0;
   03D8 AF            [ 4]  727 	xor	a, a
   03D9 32r29r00      [13]  728 	ld	(#_fat_sub_dir_clust + 0),a
   03DC 32r2Ar00      [13]  729 	ld	(#_fat_sub_dir_clust + 1),a
   03DF 32r2Br00      [13]  730 	ld	(#_fat_sub_dir_clust + 2),a
   03E2 FD 21r29r00   [14]  731 	ld	iy,#_fat_sub_dir_clust
   03E6 FD 77 03      [19]  732 	ld	3 (iy),a
   03E9 C3rAFr04      [10]  733 	jp	00152$
   03EC                     734 00104$:
                            735 ;fat.c:182: fat_dir_is_root = 0;
   03EC 21r31r00      [10]  736 	ld	hl,#_fat_dir_is_root + 0
   03EF 36 00         [10]  737 	ld	(hl), #0x00
                            738 ;fat.c:183: sector = fat_cluster_to_sector(entry);
   03F1 DD 6E 06      [19]  739 	ld	l,6 (ix)
   03F4 DD 66 07      [19]  740 	ld	h,7 (ix)
   03F7 E5            [11]  741 	push	hl
   03F8 DD 6E 04      [19]  742 	ld	l,4 (ix)
   03FB DD 66 05      [19]  743 	ld	h,5 (ix)
   03FE E5            [11]  744 	push	hl
   03FF CDr2Dr08      [17]  745 	call	_fat_cluster_to_sector
   0402 F1            [10]  746 	pop	af
   0403 F1            [10]  747 	pop	af
   0404 DD 75 E8      [19]  748 	ld	-24 (ix),l
   0407 DD 74 E9      [19]  749 	ld	-23 (ix),h
   040A DD 73 EA      [19]  750 	ld	-22 (ix),e
   040D DD 72 EB      [19]  751 	ld	-21 (ix),d
                            752 ;fat.c:185: resp = fat_cache_read_dat(sector);
   0410 DD 6E EA      [19]  753 	ld	l,-22 (ix)
   0413 DD 66 EB      [19]  754 	ld	h,-21 (ix)
   0416 E5            [11]  755 	push	hl
   0417 DD 6E E8      [19]  756 	ld	l,-24 (ix)
   041A DD 66 E9      [19]  757 	ld	h,-23 (ix)
   041D E5            [11]  758 	push	hl
   041E CDr13r02      [17]  759 	call	_fat_cache_read_dat
   0421 F1            [10]  760 	pop	af
   0422 F1            [10]  761 	pop	af
                            762 ;fat.c:186: if (resp)return resp;
   0423 DD 75 F3      [19]  763 	ld	-13 (ix), l
   0426 7D            [ 4]  764 	ld	a, l
   0427 B7            [ 4]  765 	or	a, a
   0428 28 06         [12]  766 	jr	Z,00102$
   042A DD 6E F3      [19]  767 	ld	l,-13 (ix)
   042D C3r7Er06      [10]  768 	jp	00137$
   0430                     769 00102$:
                            770 ;fat.c:188: fat_sub_dir_clust = fat_bytes_to_short(&fat_dat[0x34]);
   0430 FD 21 34 00   [14]  771 	ld	iy,#0x0034
   0434 ED 5Br32r00   [20]  772 	ld	de,(_fat_dat)
   0438 FD 19         [15]  773 	add	iy, de
   043A FD E5         [15]  774 	push	iy
   043C CDr61r03      [17]  775 	call	_fat_bytes_to_short
   043F 7D            [ 4]  776 	ld	a,l
   0440 32r29r00      [13]  777 	ld	(#_fat_sub_dir_clust + 0),a
   0443 F1            [10]  778 	pop	af
   0444 FD 21r29r00   [14]  779 	ld	iy,#_fat_sub_dir_clust
   0448 FD 74 01      [19]  780 	ld	1 (iy),h
   044B 21r2Br00      [10]  781 	ld	hl,#_fat_sub_dir_clust + 2
   044E 36 00         [10]  782 	ld	(hl), #0x00
   0450 21r2Cr00      [10]  783 	ld	hl,#_fat_sub_dir_clust + 3
   0453 36 00         [10]  784 	ld	(hl), #0x00
                            785 ;fat.c:189: fat_sub_dir_clust <<= 16;
   0455 F5            [11]  786 	push	af
   0456 F1            [10]  787 	pop	af
   0457 06 10         [ 7]  788 	ld	b,#0x10
   0459                     789 00187$:
   0459 FD 21r29r00   [14]  790 	ld	iy,#_fat_sub_dir_clust
   045D FD CB 00 26   [23]  791 	sla	0 (iy)
   0461 FD 21r29r00   [14]  792 	ld	iy,#_fat_sub_dir_clust
   0465 FD CB 01 16   [23]  793 	rl	1 (iy)
   0469 FD 21r29r00   [14]  794 	ld	iy,#_fat_sub_dir_clust
   046D FD CB 02 16   [23]  795 	rl	2 (iy)
   0471 FD 21r29r00   [14]  796 	ld	iy,#_fat_sub_dir_clust
   0475 FD CB 03 16   [23]  797 	rl	3 (iy)
   0479 10 DE         [13]  798 	djnz	00187$
                            799 ;fat.c:190: fat_sub_dir_clust |= fat_bytes_to_short(&fat_dat[0x3a]);
   047B FD 21 3A 00   [14]  800 	ld	iy,#0x003A
   047F ED 5Br32r00   [20]  801 	ld	de,(_fat_dat)
   0483 FD 19         [15]  802 	add	iy, de
   0485 FD E5         [15]  803 	push	iy
   0487 CDr61r03      [17]  804 	call	_fat_bytes_to_short
   048A F1            [10]  805 	pop	af
   048B EB            [ 4]  806 	ex	de,hl
   048C 01 00 00      [10]  807 	ld	bc,#0x0000
   048F 3Ar29r00      [13]  808 	ld	a,(#_fat_sub_dir_clust + 0)
   0492 B3            [ 4]  809 	or	a, e
   0493 32r29r00      [13]  810 	ld	(#_fat_sub_dir_clust + 0),a
   0496 3Ar2Ar00      [13]  811 	ld	a,(#_fat_sub_dir_clust + 1)
   0499 B2            [ 4]  812 	or	a, d
   049A 32r2Ar00      [13]  813 	ld	(#_fat_sub_dir_clust + 1),a
   049D 3Ar2Br00      [13]  814 	ld	a,(#_fat_sub_dir_clust + 2)
   04A0 B1            [ 4]  815 	or	a, c
   04A1 32r2Br00      [13]  816 	ld	(#_fat_sub_dir_clust + 2),a
   04A4 3Ar2Cr00      [13]  817 	ld	a,(#_fat_sub_dir_clust + 3)
   04A7 B0            [ 4]  818 	or	a, b
   04A8 FD 21r29r00   [14]  819 	ld	iy,#_fat_sub_dir_clust
   04AC FD 77 03      [19]  820 	ld	3 (iy),a
                            821 ;fat.c:198: for (u = 0; u < fat_cluster_size; u++) {
   04AF                     822 00152$:
   04AF 21 0C 00      [10]  823 	ld	hl, #12
   04B2 39            [11]  824 	add	hl, sp
   04B3 EB            [ 4]  825 	ex	de, hl
   04B4 21 00 00      [10]  826 	ld	hl, #0
   04B7 39            [11]  827 	add	hl, sp
   04B8 01 04 00      [10]  828 	ld	bc, #4
   04BB ED B0         [21]  829 	ldir
   04BD DD 36 EE 00   [19]  830 	ld	-18 (ix),#0x00
   04C1                     831 00133$:
   04C1 21r22r00      [10]  832 	ld	hl,#_fat_cluster_size
   04C4 DD 7E EE      [19]  833 	ld	a,-18 (ix)
   04C7 96            [ 7]  834 	sub	a, (hl)
   04C8 D2r47r06      [10]  835 	jp	NC,00127$
                            836 ;fat.c:201: sector_32 = (u32) sector << 4;
   04CB F5            [11]  837 	push	af
   04CC DD 7E F4      [19]  838 	ld	a,-12 (ix)
   04CF DD 77 EF      [19]  839 	ld	-17 (ix),a
   04D2 DD 7E F5      [19]  840 	ld	a,-11 (ix)
   04D5 DD 77 F0      [19]  841 	ld	-16 (ix),a
   04D8 DD 7E F6      [19]  842 	ld	a,-10 (ix)
   04DB DD 77 F1      [19]  843 	ld	-15 (ix),a
   04DE DD 7E F7      [19]  844 	ld	a,-9 (ix)
   04E1 DD 77 F2      [19]  845 	ld	-14 (ix),a
   04E4 F1            [10]  846 	pop	af
   04E5 06 04         [ 7]  847 	ld	b,#0x04
   04E7                     848 00189$:
   04E7 DD CB EF 26   [23]  849 	sla	-17 (ix)
   04EB DD CB F0 16   [23]  850 	rl	-16 (ix)
   04EF DD CB F1 16   [23]  851 	rl	-15 (ix)
   04F3 DD CB F2 16   [23]  852 	rl	-14 (ix)
   04F7 10 EE         [13]  853 	djnz	00189$
                            854 ;fat.c:202: resp = fat_cache_read_dat(sector);
   04F9 DD 6E F6      [19]  855 	ld	l,-10 (ix)
   04FC DD 66 F7      [19]  856 	ld	h,-9 (ix)
   04FF E5            [11]  857 	push	hl
   0500 DD 6E F4      [19]  858 	ld	l,-12 (ix)
   0503 DD 66 F5      [19]  859 	ld	h,-11 (ix)
   0506 E5            [11]  860 	push	hl
   0507 CDr13r02      [17]  861 	call	_fat_cache_read_dat
   050A F1            [10]  862 	pop	af
   050B F1            [10]  863 	pop	af
                            864 ;fat.c:203: if (resp)return resp;
   050C DD 75 F3      [19]  865 	ld	-13 (ix), l
   050F 7D            [ 4]  866 	ld	a, l
   0510 B7            [ 4]  867 	or	a, a
   0511 28 06         [12]  868 	jr	Z,00107$
   0513 DD 6E F3      [19]  869 	ld	l,-13 (ix)
   0516 C3r7Er06      [10]  870 	jp	00137$
   0519                     871 00107$:
                            872 ;fat.c:204: ptr = fat_dat;
   0519 2Ar32r00      [16]  873 	ld	hl,(_fat_dat)
   051C DD 75 F9      [19]  874 	ld	-7 (ix),l
   051F DD 74 FA      [19]  875 	ld	-6 (ix),h
                            876 ;fat.c:206: for (i = 0; i < 16; i++, ptr += 32) {
   0522 DD 36 EC 00   [19]  877 	ld	-20 (ix),#0x00
   0526                     878 00131$:
                            879 ;fat.c:208: if (*ptr == 0)return fat_filter_cover_records();
   0526 DD 6E F9      [19]  880 	ld	l,-7 (ix)
   0529 DD 66 FA      [19]  881 	ld	h,-6 (ix)
   052C 4E            [ 7]  882 	ld	c,(hl)
   052D 79            [ 4]  883 	ld	a,c
   052E B7            [ 4]  884 	or	a, a
   052F 20 06         [12]  885 	jr	NZ,00109$
   0531 CDr83r06      [17]  886 	call	_fat_filter_cover_records
   0534 C3r7Er06      [10]  887 	jp	00137$
   0537                     888 00109$:
                            889 ;fat.c:209: if (*ptr == 0xe5 || *ptr == 0x2e) {
   0537 79            [ 4]  890 	ld	a,c
   0538 FE E5         [ 7]  891 	cp	a,#0xE5
   053A 28 04         [12]  892 	jr	Z,00110$
   053C D6 2E         [ 7]  893 	sub	a, #0x2E
   053E 20 07         [12]  894 	jr	NZ,00111$
   0540                     895 00110$:
                            896 ;fat.c:210: lfn_record = 0;
   0540 DD 36 ED 00   [19]  897 	ld	-19 (ix),#0x00
                            898 ;fat.c:211: continue;
   0544 C3r14r06      [10]  899 	jp	00125$
   0547                     900 00111$:
                            901 ;fat.c:215: if (ptr[0x0B] == 0x0F) {
   0547 DD 7E F9      [19]  902 	ld	a,-7 (ix)
   054A C6 0B         [ 7]  903 	add	a, #0x0B
   054C 6F            [ 4]  904 	ld	l,a
   054D DD 7E FA      [19]  905 	ld	a,-6 (ix)
   0550 CE 00         [ 7]  906 	adc	a, #0x00
   0552 67            [ 4]  907 	ld	h,a
   0553 7E            [ 7]  908 	ld	a,(hl)
   0554 DD 77 F8      [19]  909 	ld	-8 (ix),a
                            910 ;fat.c:221: fat_dir[fat_dir_size] = sector_32 | i;
   0557 ED 5Br2Dr00   [20]  911 	ld	de,(_fat_dir_size)
   055B CB 23         [ 8]  912 	sla	e
   055D CB 12         [ 8]  913 	rl	d
   055F CB 23         [ 8]  914 	sla	e
   0561 CB 12         [ 8]  915 	rl	d
   0563 DD 7E EC      [19]  916 	ld	a,-20 (ix)
   0566 DD 77 FC      [19]  917 	ld	-4 (ix),a
   0569 DD 36 FD 00   [19]  918 	ld	-3 (ix),#0x00
   056D DD 36 FE 00   [19]  919 	ld	-2 (ix),#0x00
   0571 DD 36 FF 00   [19]  920 	ld	-1 (ix),#0x00
   0575 3Ar36r00      [13]  921 	ld	a,(#_fat_dir + 0)
   0578 83            [ 4]  922 	add	a, e
   0579 5F            [ 4]  923 	ld	e,a
   057A 3Ar37r00      [13]  924 	ld	a,(#_fat_dir + 1)
   057D 8A            [ 4]  925 	adc	a, d
   057E 57            [ 4]  926 	ld	d,a
   057F DD 7E FC      [19]  927 	ld	a,-4 (ix)
   0582 DD B6 EF      [19]  928 	or	a, -17 (ix)
   0585 DD 77 FC      [19]  929 	ld	-4 (ix),a
   0588 DD 7E FD      [19]  930 	ld	a,-3 (ix)
   058B DD B6 F0      [19]  931 	or	a, -16 (ix)
   058E DD 77 FD      [19]  932 	ld	-3 (ix),a
   0591 DD 7E FE      [19]  933 	ld	a,-2 (ix)
   0594 DD B6 F1      [19]  934 	or	a, -15 (ix)
   0597 DD 77 FE      [19]  935 	ld	-2 (ix),a
   059A DD 7E FF      [19]  936 	ld	a,-1 (ix)
   059D DD B6 F2      [19]  937 	or	a, -14 (ix)
   05A0 DD 77 FF      [19]  938 	ld	-1 (ix),a
                            939 ;fat.c:215: if (ptr[0x0B] == 0x0F) {
   05A3 DD 7E F8      [19]  940 	ld	a,-8 (ix)
   05A6 D6 0F         [ 7]  941 	sub	a, #0x0F
   05A8 20 21         [12]  942 	jr	NZ,00116$
                            943 ;fat.c:217: first_char = ptr[1];
   05AA DD 6E F9      [19]  944 	ld	l,-7 (ix)
   05AD DD 66 FA      [19]  945 	ld	h,-6 (ix)
   05B0 23            [ 6]  946 	inc	hl
   05B1 7E            [ 7]  947 	ld	a,(hl)
   05B2 DD 77 FB      [19]  948 	ld	-5 (ix),a
                            949 ;fat.c:219: if ((*ptr & 0xF0) == 0x40) {
   05B5 79            [ 4]  950 	ld	a,c
   05B6 E6 F0         [ 7]  951 	and	a, #0xF0
   05B8 D6 40         [ 7]  952 	sub	a, #0x40
   05BA 20 58         [12]  953 	jr	NZ,00125$
                            954 ;fat.c:220: lfn_record = 1;
   05BC DD 36 ED 01   [19]  955 	ld	-19 (ix),#0x01
                            956 ;fat.c:221: fat_dir[fat_dir_size] = sector_32 | i;
   05C0 21 14 00      [10]  957 	ld	hl, #0x0014
   05C3 39            [11]  958 	add	hl, sp
   05C4 01 04 00      [10]  959 	ld	bc, #0x0004
   05C7 ED B0         [21]  960 	ldir
                            961 ;fat.c:224: continue;
   05C9 18 49         [12]  962 	jr	00125$
   05CB                     963 00116$:
                            964 ;fat.c:227: if ((first_char == (u8) '.' && lfn_record) || (ptr[0x0B] & 0x0A) != 0) {
   05CB DD 7E FB      [19]  965 	ld	a,-5 (ix)
   05CE D6 2E         [ 7]  966 	sub	a, #0x2E
   05D0 20 06         [12]  967 	jr	NZ,00120$
   05D2 DD 7E ED      [19]  968 	ld	a,-19 (ix)
   05D5 B7            [ 4]  969 	or	a, a
   05D6 20 07         [12]  970 	jr	NZ,00117$
   05D8                     971 00120$:
   05D8 DD 7E F8      [19]  972 	ld	a,-8 (ix)
   05DB E6 0A         [ 7]  973 	and	a, #0x0A
   05DD 28 06         [12]  974 	jr	Z,00118$
   05DF                     975 00117$:
                            976 ;fat.c:228: lfn_record = 0;
   05DF DD 36 ED 00   [19]  977 	ld	-19 (ix),#0x00
                            978 ;fat.c:229: continue;
   05E3 18 2F         [12]  979 	jr	00125$
   05E5                     980 00118$:
                            981 ;fat.c:232: if (lfn_record == 0) {
   05E5 DD 7E ED      [19]  982 	ld	a,-19 (ix)
   05E8 B7            [ 4]  983 	or	a, a
   05E9 20 09         [12]  984 	jr	NZ,00122$
                            985 ;fat.c:233: fat_dir[fat_dir_size] = sector_32 | i;
   05EB 21 14 00      [10]  986 	ld	hl, #0x0014
   05EE 39            [11]  987 	add	hl, sp
   05EF 01 04 00      [10]  988 	ld	bc, #0x0004
   05F2 ED B0         [21]  989 	ldir
   05F4                     990 00122$:
                            991 ;fat.c:238: fat_dir_size++;
   05F4 21r2Dr00      [10]  992 	ld	hl, #_fat_dir_size+0
   05F7 34            [11]  993 	inc	(hl)
   05F8 20 04         [12]  994 	jr	NZ,00203$
   05FA 21r2Er00      [10]  995 	ld	hl, #_fat_dir_size+1
   05FD 34            [11]  996 	inc	(hl)
   05FE                     997 00203$:
                            998 ;fat.c:239: lfn_record = 0;
   05FE DD 36 ED 00   [19]  999 	ld	-19 (ix),#0x00
                           1000 ;fat.c:240: if (fat_dir_size == OS_MAX_DIR_SIZE)return fat_filter_cover_records();
   0602 3Ar2Dr00      [13] 1001 	ld	a,(#_fat_dir_size + 0)
   0605 B7            [ 4] 1002 	or	a, a
   0606 20 0C         [12] 1003 	jr	NZ,00125$
   0608 3Ar2Er00      [13] 1004 	ld	a,(#_fat_dir_size + 1)
   060B D6 02         [ 7] 1005 	sub	a, #0x02
   060D 20 05         [12] 1006 	jr	NZ,00125$
   060F CDr83r06      [17] 1007 	call	_fat_filter_cover_records
   0612 18 6A         [12] 1008 	jr	00137$
   0614                    1009 00125$:
                           1010 ;fat.c:206: for (i = 0; i < 16; i++, ptr += 32) {
   0614 DD 34 EC      [23] 1011 	inc	-20 (ix)
   0617 DD 7E F9      [19] 1012 	ld	a,-7 (ix)
   061A C6 20         [ 7] 1013 	add	a, #0x20
   061C DD 77 F9      [19] 1014 	ld	-7 (ix),a
   061F DD 7E FA      [19] 1015 	ld	a,-6 (ix)
   0622 CE 00         [ 7] 1016 	adc	a, #0x00
   0624 DD 77 FA      [19] 1017 	ld	-6 (ix),a
   0627 DD 7E EC      [19] 1018 	ld	a,-20 (ix)
   062A D6 10         [ 7] 1019 	sub	a, #0x10
   062C DAr26r05      [10] 1020 	jp	C,00131$
                           1021 ;fat.c:243: sector++;
   062F DD 34 F4      [23] 1022 	inc	-12 (ix)
   0632 20 0D         [12] 1023 	jr	NZ,00206$
   0634 DD 34 F5      [23] 1024 	inc	-11 (ix)
   0637 20 08         [12] 1025 	jr	NZ,00206$
   0639 DD 34 F6      [23] 1026 	inc	-10 (ix)
   063C 20 03         [12] 1027 	jr	NZ,00206$
   063E DD 34 F7      [23] 1028 	inc	-9 (ix)
   0641                    1029 00206$:
                           1030 ;fat.c:198: for (u = 0; u < fat_cluster_size; u++) {
   0641 DD 34 EE      [23] 1031 	inc	-18 (ix)
   0644 C3rC1r04      [10] 1032 	jp	00133$
   0647                    1033 00127$:
                           1034 ;fat.c:248: resp = fat_get_next_cluster(&entry);
   0647 21 1C 00      [10] 1035 	ld	hl,#0x001C
   064A 39            [11] 1036 	add	hl,sp
   064B E5            [11] 1037 	push	hl
   064C CDrE6r09      [17] 1038 	call	_fat_get_next_cluster
   064F F1            [10] 1039 	pop	af
                           1040 ;fat.c:249: if (resp)return resp;
   0650 DD 75 F3      [19] 1041 	ld	-13 (ix), l
   0653 7D            [ 4] 1042 	ld	a, l
   0654 B7            [ 4] 1043 	or	a, a
   0655 28 05         [12] 1044 	jr	Z,00129$
   0657 DD 6E F3      [19] 1045 	ld	l,-13 (ix)
   065A 18 22         [12] 1046 	jr	00137$
   065C                    1047 00129$:
                           1048 ;fat.c:252: sector = fat_cluster_to_sector(entry);
   065C DD 6E 06      [19] 1049 	ld	l,6 (ix)
   065F DD 66 07      [19] 1050 	ld	h,7 (ix)
   0662 E5            [11] 1051 	push	hl
   0663 DD 6E 04      [19] 1052 	ld	l,4 (ix)
   0666 DD 66 05      [19] 1053 	ld	h,5 (ix)
   0669 E5            [11] 1054 	push	hl
   066A CDr2Dr08      [17] 1055 	call	_fat_cluster_to_sector
   066D F1            [10] 1056 	pop	af
   066E F1            [10] 1057 	pop	af
   066F DD 75 E8      [19] 1058 	ld	-24 (ix),l
   0672 DD 74 E9      [19] 1059 	ld	-23 (ix),h
   0675 DD 73 EA      [19] 1060 	ld	-22 (ix),e
   0678 DD 72 EB      [19] 1061 	ld	-21 (ix),d
   067B C3rAFr04      [10] 1062 	jp	00152$
   067E                    1063 00137$:
   067E DD F9         [10] 1064 	ld	sp,ix
   0680 DD E1         [14] 1065 	pop	ix
   0682 C9            [10] 1066 	ret
   0683                    1067 _fat_load_dir_end::
                           1068 ;fat.c:260: u8 fat_filter_cover_records() {
                           1069 ;	---------------------------------
                           1070 ; Function fat_filter_cover_records
                           1071 ; ---------------------------------
   0683                    1072 _fat_filter_cover_records_start::
   0683                    1073 _fat_filter_cover_records:
   0683 DD E5         [15] 1074 	push	ix
   0685 DD 21 00 00   [14] 1075 	ld	ix,#0
   0689 DD 39         [15] 1076 	add	ix,sp
   068B 21 EE FF      [10] 1077 	ld	hl,#-18
   068E 39            [11] 1078 	add	hl,sp
   068F F9            [ 6] 1079 	ld	sp,hl
                           1080 ;fat.c:267: visible_size = 0;
   0690 DD 36 FA 00   [19] 1081 	ld	-6 (ix),#0x00
   0694 DD 36 FB 00   [19] 1082 	ld	-5 (ix),#0x00
                           1083 ;fat.c:268: fat_cov_dir_size = 0;
   0698 21r2Fr00      [10] 1084 	ld	hl,#_fat_cov_dir_size + 0
   069B 36 00         [10] 1085 	ld	(hl), #0x00
   069D 21r30r00      [10] 1086 	ld	hl,#_fat_cov_dir_size + 1
   06A0 36 00         [10] 1087 	ld	(hl), #0x00
                           1088 ;fat.c:269: rec = osMallocRam(sizeof (FatFullRecord));
   06A2 21 E5 00      [10] 1089 	ld	hl,#0x00E5
   06A5 E5            [11] 1090 	push	hl
   06A6 CDr00r00      [17] 1091 	call	_osMallocRam
   06A9 F1            [10] 1092 	pop	af
   06AA DD 75 F2      [19] 1093 	ld	-14 (ix),l
   06AD DD 74 F3      [19] 1094 	ld	-13 (ix),h
                           1095 ;fat.c:271: for (i = 0; i < fat_dir_size; i++) {
   06B0 DD 7E F2      [19] 1096 	ld	a,-14 (ix)
   06B3 DD 77 F6      [19] 1097 	ld	-10 (ix),a
   06B6 DD 7E F3      [19] 1098 	ld	a,-13 (ix)
   06B9 DD 77 F7      [19] 1099 	ld	-9 (ix),a
   06BC 21 00 00      [10] 1100 	ld	hl,#0x0000
   06BF E3            [19] 1101 	ex	(sp), hl
   06C0 DD 36 F0 00   [19] 1102 	ld	-16 (ix),#0x00
   06C4 DD 36 F1 00   [19] 1103 	ld	-15 (ix),#0x00
   06C8                    1104 00111$:
   06C8 21r2Dr00      [10] 1105 	ld	hl,#_fat_dir_size
   06CB DD 7E F0      [19] 1106 	ld	a,-16 (ix)
   06CE 96            [ 7] 1107 	sub	a, (hl)
   06CF DD 7E F1      [19] 1108 	ld	a,-15 (ix)
   06D2 23            [ 6] 1109 	inc	hl
   06D3 9E            [ 7] 1110 	sbc	a, (hl)
   06D4 D2r10r08      [10] 1111 	jp	NC,00109$
                           1112 ;fat.c:272: resp = fat_get_full_record(fat_dir[i], rec);
   06D7 DD 7E F0      [19] 1113 	ld	a,-16 (ix)
   06DA DD 77 F4      [19] 1114 	ld	-12 (ix),a
   06DD DD 7E F1      [19] 1115 	ld	a,-15 (ix)
   06E0 DD 77 F5      [19] 1116 	ld	-11 (ix),a
   06E3 3E 03         [ 7] 1117 	ld	a,#0x02+1
   06E5 18 08         [12] 1118 	jr	00134$
   06E7                    1119 00133$:
   06E7 DD CB F4 26   [23] 1120 	sla	-12 (ix)
   06EB DD CB F5 16   [23] 1121 	rl	-11 (ix)
   06EF                    1122 00134$:
   06EF 3D            [ 4] 1123 	dec	a
   06F0 20 F5         [12] 1124 	jr	NZ,00133$
   06F2 3Ar36r00      [13] 1125 	ld	a,(#_fat_dir + 0)
   06F5 DD 86 F4      [19] 1126 	add	a, -12 (ix)
   06F8 DD 77 F8      [19] 1127 	ld	-8 (ix),a
   06FB 3Ar37r00      [13] 1128 	ld	a,(#_fat_dir + 1)
   06FE DD 8E F5      [19] 1129 	adc	a, -11 (ix)
   0701 DD 77 F9      [19] 1130 	ld	-7 (ix),a
   0704 DD 6E F8      [19] 1131 	ld	l,-8 (ix)
   0707 DD 66 F9      [19] 1132 	ld	h,-7 (ix)
   070A 5E            [ 7] 1133 	ld	e,(hl)
   070B 23            [ 6] 1134 	inc	hl
   070C 56            [ 7] 1135 	ld	d,(hl)
   070D 23            [ 6] 1136 	inc	hl
   070E 4E            [ 7] 1137 	ld	c,(hl)
   070F 23            [ 6] 1138 	inc	hl
   0710 46            [ 7] 1139 	ld	b,(hl)
   0711 DD 6E F2      [19] 1140 	ld	l,-14 (ix)
   0714 DD 66 F3      [19] 1141 	ld	h,-13 (ix)
   0717 E5            [11] 1142 	push	hl
   0718 C5            [11] 1143 	push	bc
   0719 D5            [11] 1144 	push	de
   071A CDr07r0A      [17] 1145 	call	_fat_get_full_record
   071D F1            [10] 1146 	pop	af
   071E F1            [10] 1147 	pop	af
   071F F1            [10] 1148 	pop	af
                           1149 ;fat.c:273: if (resp) {
   0720 7D            [ 4] 1150 	ld	a,l
   0721 B7            [ 4] 1151 	or	a, a
   0722 28 0D         [12] 1152 	jr	Z,00102$
                           1153 ;fat.c:274: osReleaseRam(sizeof (FatFullRecord));
   0724 E5            [11] 1154 	push	hl
   0725 01 E5 00      [10] 1155 	ld	bc,#0x00E5
   0728 C5            [11] 1156 	push	bc
   0729 CDr00r00      [17] 1157 	call	_osReleaseRam
   072C F1            [10] 1158 	pop	af
   072D E1            [10] 1159 	pop	hl
                           1160 ;fat.c:275: return resp;
   072E C3r23r08      [10] 1161 	jp	00113$
   0731                    1162 00102$:
                           1163 ;fat.c:278: if (!rec->is_dir && str_extension(".cov", rec->name)) {
   0731 DD 6E F6      [19] 1164 	ld	l,-10 (ix)
   0734 DD 66 F7      [19] 1165 	ld	h,-9 (ix)
   0737 11 E4 00      [10] 1166 	ld	de, #0x00E4
   073A 19            [11] 1167 	add	hl, de
   073B 7E            [ 7] 1168 	ld	a,(hl)
   073C B7            [ 4] 1169 	or	a, a
   073D 20 70         [12] 1170 	jr	NZ,00106$
   073F 21r28r08      [10] 1171 	ld	hl,#__str_1
   0742 DD 4E F2      [19] 1172 	ld	c,-14 (ix)
   0745 DD 46 F3      [19] 1173 	ld	b,-13 (ix)
   0748 C5            [11] 1174 	push	bc
   0749 E5            [11] 1175 	push	hl
   074A CDr00r00      [17] 1176 	call	_str_extension
   074D F1            [10] 1177 	pop	af
   074E F1            [10] 1178 	pop	af
   074F 7D            [ 4] 1179 	ld	a,l
   0750 B7            [ 4] 1180 	or	a, a
   0751 28 5C         [12] 1181 	jr	Z,00106$
                           1182 ;fat.c:279: if (fat_cov_dir_size < FAT_MAX_COV_DIR_SIZE) {
   0753 3Ar2Fr00      [13] 1183 	ld	a,(#_fat_cov_dir_size + 0)
   0756 D6 80         [ 7] 1184 	sub	a, #0x80
   0758 3Ar30r00      [13] 1185 	ld	a,(#_fat_cov_dir_size + 1)
   075B DE 00         [ 7] 1186 	sbc	a, #0x00
   075D D2r04r08      [10] 1187 	jp	NC,00112$
                           1188 ;fat.c:280: fat_cov_dir[fat_cov_dir_size] = fat_dir[i];
   0760 ED 5Br2Fr00   [20] 1189 	ld	de,(_fat_cov_dir_size)
   0764 CB 23         [ 8] 1190 	sla	e
   0766 CB 12         [ 8] 1191 	rl	d
   0768 CB 23         [ 8] 1192 	sla	e
   076A CB 12         [ 8] 1193 	rl	d
   076C 3Ar38r02      [13] 1194 	ld	a,(#_fat_cov_dir + 0)
   076F 83            [ 4] 1195 	add	a, e
   0770 5F            [ 4] 1196 	ld	e,a
   0771 3Ar39r02      [13] 1197 	ld	a,(#_fat_cov_dir + 1)
   0774 8A            [ 4] 1198 	adc	a, d
   0775 57            [ 4] 1199 	ld	d,a
   0776 FD 2Ar36r00   [20] 1200 	ld	iy,(_fat_dir)
   077A DD 4E F4      [19] 1201 	ld	c,-12 (ix)
   077D DD 46 F5      [19] 1202 	ld	b,-11 (ix)
   0780 FD 09         [15] 1203 	add	iy, bc
   0782 FD 7E 00      [19] 1204 	ld	a,0 (iy)
   0785 DD 77 FC      [19] 1205 	ld	-4 (ix),a
   0788 FD 7E 01      [19] 1206 	ld	a,1 (iy)
   078B DD 77 FD      [19] 1207 	ld	-3 (ix),a
   078E FD 7E 02      [19] 1208 	ld	a,2 (iy)
   0791 DD 77 FE      [19] 1209 	ld	-2 (ix),a
   0794 FD 7E 03      [19] 1210 	ld	a,3 (iy)
   0797 DD 77 FF      [19] 1211 	ld	-1 (ix),a
   079A 21 0E 00      [10] 1212 	ld	hl, #0x000E
   079D 39            [11] 1213 	add	hl, sp
   079E 01 04 00      [10] 1214 	ld	bc, #0x0004
   07A1 ED B0         [21] 1215 	ldir
                           1216 ;fat.c:281: fat_cov_dir_size++;
   07A3 21r2Fr00      [10] 1217 	ld	hl, #_fat_cov_dir_size+0
   07A6 34            [11] 1218 	inc	(hl)
   07A7 20 5B         [12] 1219 	jr	NZ,00112$
   07A9 21r30r00      [10] 1220 	ld	hl, #_fat_cov_dir_size+1
   07AC 34            [11] 1221 	inc	(hl)
   07AD 18 55         [12] 1222 	jr	00112$
   07AF                    1223 00106$:
                           1224 ;fat.c:284: fat_dir[visible_size] = fat_dir[i];
   07AF D1            [10] 1225 	pop	de
   07B0 D5            [11] 1226 	push	de
   07B1 CB 23         [ 8] 1227 	sla	e
   07B3 CB 12         [ 8] 1228 	rl	d
   07B5 CB 23         [ 8] 1229 	sla	e
   07B7 CB 12         [ 8] 1230 	rl	d
   07B9 3Ar36r00      [13] 1231 	ld	a,(#_fat_dir + 0)
   07BC 83            [ 4] 1232 	add	a, e
   07BD 5F            [ 4] 1233 	ld	e,a
   07BE 3Ar37r00      [13] 1234 	ld	a,(#_fat_dir + 1)
   07C1 8A            [ 4] 1235 	adc	a, d
   07C2 57            [ 4] 1236 	ld	d,a
   07C3 FD 2Ar36r00   [20] 1237 	ld	iy,(_fat_dir)
   07C7 DD 4E F4      [19] 1238 	ld	c,-12 (ix)
   07CA DD 46 F5      [19] 1239 	ld	b,-11 (ix)
   07CD FD 09         [15] 1240 	add	iy, bc
   07CF FD 7E 00      [19] 1241 	ld	a,0 (iy)
   07D2 DD 77 FC      [19] 1242 	ld	-4 (ix),a
   07D5 FD 7E 01      [19] 1243 	ld	a,1 (iy)
   07D8 DD 77 FD      [19] 1244 	ld	-3 (ix),a
   07DB FD 7E 02      [19] 1245 	ld	a,2 (iy)
   07DE DD 77 FE      [19] 1246 	ld	-2 (ix),a
   07E1 FD 7E 03      [19] 1247 	ld	a,3 (iy)
   07E4 DD 77 FF      [19] 1248 	ld	-1 (ix),a
   07E7 21 0E 00      [10] 1249 	ld	hl, #0x000E
   07EA 39            [11] 1250 	add	hl, sp
   07EB 01 04 00      [10] 1251 	ld	bc, #0x0004
   07EE ED B0         [21] 1252 	ldir
                           1253 ;fat.c:285: visible_size++;
   07F0 DD 34 EE      [23] 1254 	inc	-18 (ix)
   07F3 20 03         [12] 1255 	jr	NZ,00140$
   07F5 DD 34 EF      [23] 1256 	inc	-17 (ix)
   07F8                    1257 00140$:
   07F8 DD 7E EE      [19] 1258 	ld	a,-18 (ix)
   07FB DD 77 FA      [19] 1259 	ld	-6 (ix),a
   07FE DD 7E EF      [19] 1260 	ld	a,-17 (ix)
   0801 DD 77 FB      [19] 1261 	ld	-5 (ix),a
   0804                    1262 00112$:
                           1263 ;fat.c:271: for (i = 0; i < fat_dir_size; i++) {
   0804 DD 34 F0      [23] 1264 	inc	-16 (ix)
   0807 C2rC8r06      [10] 1265 	jp	NZ,00111$
   080A DD 34 F1      [23] 1266 	inc	-15 (ix)
   080D C3rC8r06      [10] 1267 	jp	00111$
   0810                    1268 00109$:
                           1269 ;fat.c:289: fat_dir_size = visible_size;
   0810 DD 6E FA      [19] 1270 	ld	l,-6 (ix)
   0813 DD 66 FB      [19] 1271 	ld	h,-5 (ix)
   0816 22r2Dr00      [16] 1272 	ld	(_fat_dir_size),hl
                           1273 ;fat.c:290: osReleaseRam(sizeof (FatFullRecord));
   0819 21 E5 00      [10] 1274 	ld	hl,#0x00E5
   081C E5            [11] 1275 	push	hl
   081D CDr00r00      [17] 1276 	call	_osReleaseRam
   0820 F1            [10] 1277 	pop	af
                           1278 ;fat.c:291: return 0;
   0821 2E 00         [ 7] 1279 	ld	l,#0x00
   0823                    1280 00113$:
   0823 DD F9         [10] 1281 	ld	sp,ix
   0825 DD E1         [14] 1282 	pop	ix
   0827 C9            [10] 1283 	ret
   0828                    1284 _fat_filter_cover_records_end::
   0828                    1285 __str_1:
   0828 2E 63 6F 76        1286 	.ascii ".cov"
   082C 00                 1287 	.db 0x00
                           1288 ;fat.c:294: u32 fat_cluster_to_sector(u32 cluster) {
                           1289 ;	---------------------------------
                           1290 ; Function fat_cluster_to_sector
                           1291 ; ---------------------------------
   082D                    1292 _fat_cluster_to_sector_start::
   082D                    1293 _fat_cluster_to_sector:
                           1294 ;fat.c:297: val = cluster - 2;
   082D 21r4Ar02      [10] 1295 	ld	hl,#_fat_cluster_to_sector_val_1_113
   0830 FD 21 02 00   [14] 1296 	ld	iy,#2
   0834 FD 39         [15] 1297 	add	iy,sp
   0836 FD 7E 00      [19] 1298 	ld	a,0 (iy)
   0839 C6 FE         [ 7] 1299 	add	a,#0xFE
   083B 77            [ 7] 1300 	ld	(hl),a
   083C FD 7E 01      [19] 1301 	ld	a,1 (iy)
   083F CE FF         [ 7] 1302 	adc	a,#0xFF
   0841 23            [ 6] 1303 	inc	hl
   0842 77            [ 7] 1304 	ld	(hl),a
   0843 FD 7E 02      [19] 1305 	ld	a,2 (iy)
   0846 CE FF         [ 7] 1306 	adc	a,#0xFF
   0848 23            [ 6] 1307 	inc	hl
   0849 77            [ 7] 1308 	ld	(hl),a
   084A FD 7E 03      [19] 1309 	ld	a,3 (iy)
   084D CE FF         [ 7] 1310 	adc	a,#0xFF
   084F 23            [ 6] 1311 	inc	hl
   0850 77            [ 7] 1312 	ld	(hl),a
                           1313 ;fat.c:298: val <<= fat_cluster_size_pow;
   0851 21r24r00      [10] 1314 	ld	hl,#_fat_cluster_size_pow + 0
   0854 46            [ 7] 1315 	ld	b, (hl)
   0855 F5            [11] 1316 	push	af
   0856 F1            [10] 1317 	pop	af
   0857 04            [ 4] 1318 	inc	b
   0858 18 20         [12] 1319 	jr	00104$
   085A                    1320 00103$:
   085A FD 21r4Ar02   [14] 1321 	ld	iy,#_fat_cluster_to_sector_val_1_113
   085E FD CB 00 26   [23] 1322 	sla	0 (iy)
   0862 FD 21r4Ar02   [14] 1323 	ld	iy,#_fat_cluster_to_sector_val_1_113
   0866 FD CB 01 16   [23] 1324 	rl	1 (iy)
   086A FD 21r4Ar02   [14] 1325 	ld	iy,#_fat_cluster_to_sector_val_1_113
   086E FD CB 02 16   [23] 1326 	rl	2 (iy)
   0872 FD 21r4Ar02   [14] 1327 	ld	iy,#_fat_cluster_to_sector_val_1_113
   0876 FD CB 03 16   [23] 1328 	rl	3 (iy)
   087A                    1329 00104$:
   087A 10 DE         [13] 1330 	djnz	00103$
                           1331 ;fat.c:299: val += fat_data_entry;
   087C 21r1Cr00      [10] 1332 	ld	hl,#_fat_data_entry
   087F D5            [11] 1333 	push	de
   0880 FD 21r4Ar02   [14] 1334 	ld	iy,#_fat_cluster_to_sector_val_1_113
   0884 FD E5         [15] 1335 	push	iy
   0886 D1            [10] 1336 	pop	de
   0887 1A            [ 7] 1337 	ld	a,(de)
   0888 86            [ 7] 1338 	add	a, (hl)
   0889 12            [ 7] 1339 	ld	(de),a
   088A 13            [ 6] 1340 	inc	de
   088B 1A            [ 7] 1341 	ld	a,(de)
   088C 23            [ 6] 1342 	inc	hl
   088D 8E            [ 7] 1343 	adc	a, (hl)
   088E 12            [ 7] 1344 	ld	(de),a
   088F 13            [ 6] 1345 	inc	de
   0890 1A            [ 7] 1346 	ld	a,(de)
   0891 23            [ 6] 1347 	inc	hl
   0892 8E            [ 7] 1348 	adc	a, (hl)
   0893 12            [ 7] 1349 	ld	(de),a
   0894 13            [ 6] 1350 	inc	de
   0895 1A            [ 7] 1351 	ld	a,(de)
   0896 23            [ 6] 1352 	inc	hl
   0897 8E            [ 7] 1353 	adc	a, (hl)
   0898 12            [ 7] 1354 	ld	(de),a
   0899 D1            [10] 1355 	pop	de
                           1356 ;fat.c:301: return val;
   089A FD 21r4Ar02   [14] 1357 	ld	iy,#_fat_cluster_to_sector_val_1_113
   089E FD 6E 00      [19] 1358 	ld	l,0 (iy)
   08A1 FD 21r4Ar02   [14] 1359 	ld	iy,#_fat_cluster_to_sector_val_1_113
   08A5 FD 66 01      [19] 1360 	ld	h,1 (iy)
   08A8 FD 21r4Ar02   [14] 1361 	ld	iy,#_fat_cluster_to_sector_val_1_113
   08AC FD 5E 02      [19] 1362 	ld	e,2 (iy)
   08AF FD 21r4Ar02   [14] 1363 	ld	iy,#_fat_cluster_to_sector_val_1_113
   08B3 FD 56 03      [19] 1364 	ld	d,3 (iy)
   08B6 C9            [10] 1365 	ret
   08B7                    1366 _fat_cluster_to_sector_end::
                           1367 ;fat.c:306: u32 fat_sector_to_cluster(u32 sector) {
                           1368 ;	---------------------------------
                           1369 ; Function fat_sector_to_cluster
                           1370 ; ---------------------------------
   08B7                    1371 _fat_sector_to_cluster_start::
   08B7                    1372 _fat_sector_to_cluster:
                           1373 ;fat.c:310: val = sector - fat_data_entry;
   08B7 21r1Cr00      [10] 1374 	ld	hl,#_fat_data_entry
   08BA D5            [11] 1375 	push	de
   08BB 11r4Er02      [10] 1376 	ld	de,#_fat_sector_to_cluster_val_1_115
   08BE FD 21 04 00   [14] 1377 	ld	iy,#4
   08C2 FD 39         [15] 1378 	add	iy,sp
   08C4 FD 7E 00      [19] 1379 	ld	a,0 (iy)
   08C7 96            [ 7] 1380 	sub	a, (hl)
   08C8 12            [ 7] 1381 	ld	(de),a
   08C9 FD 7E 01      [19] 1382 	ld	a,1 (iy)
   08CC 23            [ 6] 1383 	inc	hl
   08CD 9E            [ 7] 1384 	sbc	a, (hl)
   08CE 13            [ 6] 1385 	inc	de
   08CF 12            [ 7] 1386 	ld	(de),a
   08D0 FD 7E 02      [19] 1387 	ld	a,2 (iy)
   08D3 23            [ 6] 1388 	inc	hl
   08D4 9E            [ 7] 1389 	sbc	a, (hl)
   08D5 13            [ 6] 1390 	inc	de
   08D6 12            [ 7] 1391 	ld	(de),a
   08D7 FD 7E 03      [19] 1392 	ld	a,3 (iy)
   08DA 23            [ 6] 1393 	inc	hl
   08DB 9E            [ 7] 1394 	sbc	a, (hl)
   08DC 13            [ 6] 1395 	inc	de
   08DD 12            [ 7] 1396 	ld	(de),a
   08DE D1            [10] 1397 	pop	de
                           1398 ;fat.c:311: val >>= fat_cluster_size_pow;
   08DF 21r24r00      [10] 1399 	ld	hl,#_fat_cluster_size_pow + 0
   08E2 46            [ 7] 1400 	ld	b, (hl)
   08E3 F5            [11] 1401 	push	af
   08E4 F1            [10] 1402 	pop	af
   08E5 04            [ 4] 1403 	inc	b
   08E6 18 20         [12] 1404 	jr	00104$
   08E8                    1405 00103$:
   08E8 FD 21r4Er02   [14] 1406 	ld	iy,#_fat_sector_to_cluster_val_1_115
   08EC FD CB 03 3E   [23] 1407 	srl	3 (iy)
   08F0 FD 21r4Er02   [14] 1408 	ld	iy,#_fat_sector_to_cluster_val_1_115
   08F4 FD CB 02 1E   [23] 1409 	rr	2 (iy)
   08F8 FD 21r4Er02   [14] 1410 	ld	iy,#_fat_sector_to_cluster_val_1_115
   08FC FD CB 01 1E   [23] 1411 	rr	1 (iy)
   0900 FD 21r4Er02   [14] 1412 	ld	iy,#_fat_sector_to_cluster_val_1_115
   0904 FD CB 00 1E   [23] 1413 	rr	0 (iy)
   0908                    1414 00104$:
   0908 10 DE         [13] 1415 	djnz	00103$
                           1416 ;fat.c:312: val += 2;
   090A 21r4Er02      [10] 1417 	ld	hl,#_fat_sector_to_cluster_val_1_115
   090D 7E            [ 7] 1418 	ld	a,(hl)
   090E C6 02         [ 7] 1419 	add	a, #0x02
   0910 77            [ 7] 1420 	ld	(hl),a
   0911 23            [ 6] 1421 	inc	hl
   0912 7E            [ 7] 1422 	ld	a,(hl)
   0913 CE 00         [ 7] 1423 	adc	a, #0x00
   0915 77            [ 7] 1424 	ld	(hl),a
   0916 23            [ 6] 1425 	inc	hl
   0917 7E            [ 7] 1426 	ld	a,(hl)
   0918 CE 00         [ 7] 1427 	adc	a, #0x00
   091A 77            [ 7] 1428 	ld	(hl),a
   091B 23            [ 6] 1429 	inc	hl
   091C 7E            [ 7] 1430 	ld	a,(hl)
   091D CE 00         [ 7] 1431 	adc	a, #0x00
   091F 77            [ 7] 1432 	ld	(hl),a
                           1433 ;fat.c:314: return val;
   0920 FD 21r4Er02   [14] 1434 	ld	iy,#_fat_sector_to_cluster_val_1_115
   0924 FD 6E 00      [19] 1435 	ld	l,0 (iy)
   0927 FD 21r4Er02   [14] 1436 	ld	iy,#_fat_sector_to_cluster_val_1_115
   092B FD 66 01      [19] 1437 	ld	h,1 (iy)
   092E FD 21r4Er02   [14] 1438 	ld	iy,#_fat_sector_to_cluster_val_1_115
   0932 FD 5E 02      [19] 1439 	ld	e,2 (iy)
   0935 FD 21r4Er02   [14] 1440 	ld	iy,#_fat_sector_to_cluster_val_1_115
   0939 FD 56 03      [19] 1441 	ld	d,3 (iy)
   093C C9            [10] 1442 	ret
   093D                    1443 _fat_sector_to_cluster_end::
                           1444 ;fat.c:319: u8 fat_in_cluster_addr(u32 sector) {
                           1445 ;	---------------------------------
                           1446 ; Function fat_in_cluster_addr
                           1447 ; ---------------------------------
   093D                    1448 _fat_in_cluster_addr_start::
   093D                    1449 _fat_in_cluster_addr:
   093D DD E5         [15] 1450 	push	ix
   093F DD 21 00 00   [14] 1451 	ld	ix,#0
   0943 DD 39         [15] 1452 	add	ix,sp
                           1453 ;fat.c:321: sector -= fat_data_entry;
   0945 21r1Cr00      [10] 1454 	ld	hl,#_fat_data_entry
   0948 DD 7E 04      [19] 1455 	ld	a,4 (ix)
   094B 96            [ 7] 1456 	sub	a, (hl)
   094C DD 77 04      [19] 1457 	ld	4 (ix),a
   094F DD 7E 05      [19] 1458 	ld	a,5 (ix)
   0952 23            [ 6] 1459 	inc	hl
   0953 9E            [ 7] 1460 	sbc	a, (hl)
   0954 DD 77 05      [19] 1461 	ld	5 (ix),a
   0957 DD 7E 06      [19] 1462 	ld	a,6 (ix)
   095A 23            [ 6] 1463 	inc	hl
   095B 9E            [ 7] 1464 	sbc	a, (hl)
   095C DD 77 06      [19] 1465 	ld	6 (ix),a
   095F DD 7E 07      [19] 1466 	ld	a,7 (ix)
   0962 23            [ 6] 1467 	inc	hl
   0963 9E            [ 7] 1468 	sbc	a, (hl)
   0964 DD 77 07      [19] 1469 	ld	7 (ix),a
                           1470 ;fat.c:322: return sector & (fat_cluster_size - 1);
   0967 21r22r00      [10] 1471 	ld	hl,#_fat_cluster_size + 0
   096A 5E            [ 7] 1472 	ld	e, (hl)
   096B 1D            [ 4] 1473 	dec	e
   096C 26 00         [ 7] 1474 	ld	h,#0x00
   096E 0E 00         [ 7] 1475 	ld	c,#0x00
   0970 16 00         [ 7] 1476 	ld	d,#0x00
   0972 DD 7E 04      [19] 1477 	ld	a,4 (ix)
   0975 A3            [ 4] 1478 	and	a, e
   0976 6F            [ 4] 1479 	ld	l,a
   0977 DD 7E 05      [19] 1480 	ld	a,5 (ix)
   097A A4            [ 4] 1481 	and	a, h
   097B DD 7E 06      [19] 1482 	ld	a,6 (ix)
   097E A1            [ 4] 1483 	and	a, c
   097F DD 7E 07      [19] 1484 	ld	a,7 (ix)
   0982 A2            [ 4] 1485 	and	a, d
   0983 DD E1         [14] 1486 	pop	ix
   0985 C9            [10] 1487 	ret
   0986                    1488 _fat_in_cluster_addr_end::
                           1489 ;fat.c:325: u8 fat_get_table_record(u32 cluster, u32 *val) {
                           1490 ;	---------------------------------
                           1491 ; Function fat_get_table_record
                           1492 ; ---------------------------------
   0986                    1493 _fat_get_table_record_start::
   0986                    1494 _fat_get_table_record:
   0986 DD E5         [15] 1495 	push	ix
   0988 DD 21 00 00   [14] 1496 	ld	ix,#0
   098C DD 39         [15] 1497 	add	ix,sp
                           1498 ;fat.c:331: table_sector = cluster / 128;
   098E F5            [11] 1499 	push	af
   098F DD 6E 04      [19] 1500 	ld	l,4 (ix)
   0992 DD 66 05      [19] 1501 	ld	h,5 (ix)
   0995 DD 5E 06      [19] 1502 	ld	e,6 (ix)
   0998 DD 56 07      [19] 1503 	ld	d,7 (ix)
   099B F1            [10] 1504 	pop	af
   099C 06 07         [ 7] 1505 	ld	b,#0x07
   099E                    1506 00108$:
   099E CB 3A         [ 8] 1507 	srl	d
   09A0 CB 1B         [ 8] 1508 	rr	e
   09A2 CB 1C         [ 8] 1509 	rr	h
   09A4 CB 1D         [ 8] 1510 	rr	l
   09A6 10 F6         [13] 1511 	djnz	00108$
                           1512 ;fat.c:332: resp = fat_cache_read_tab(table_sector);
   09A8 D5            [11] 1513 	push	de
   09A9 E5            [11] 1514 	push	hl
   09AA CDr7Br02      [17] 1515 	call	_fat_cache_read_tab
   09AD F1            [10] 1516 	pop	af
   09AE F1            [10] 1517 	pop	af
                           1518 ;fat.c:333: if (resp)return resp;
   09AF 7D            [ 4] 1519 	ld	a,l
   09B0 B7            [ 4] 1520 	or	a, a
   09B1 20 30         [12] 1521 	jr	NZ,00103$
                           1522 ;fat.c:335: ptr = &fat_tab[(cluster & 127) * 4];
   09B3 DD 5E 04      [19] 1523 	ld	e,4 (ix)
   09B6 CB BB         [ 8] 1524 	res	7, e
   09B8 16 00         [ 7] 1525 	ld	d,#0x00
   09BA 01 00 00      [10] 1526 	ld	bc,#0x0000
   09BD 3E 02         [ 7] 1527 	ld	a,#0x02
   09BF                    1528 00110$:
   09BF CB 23         [ 8] 1529 	sla	e
   09C1 CB 12         [ 8] 1530 	rl	d
   09C3 CB 11         [ 8] 1531 	rl	c
   09C5 CB 10         [ 8] 1532 	rl	b
   09C7 3D            [ 4] 1533 	dec	a
   09C8 20 F5         [12] 1534 	jr	NZ,00110$
   09CA 3Ar34r00      [13] 1535 	ld	a,(#_fat_tab + 0)
   09CD 83            [ 4] 1536 	add	a, e
   09CE 5F            [ 4] 1537 	ld	e,a
   09CF 3Ar35r00      [13] 1538 	ld	a,(#_fat_tab + 1)
   09D2 8A            [ 4] 1539 	adc	a, d
   09D3 57            [ 4] 1540 	ld	d,a
                           1541 ;fat.c:336: fat_bytes_to_int_le(ptr, val);
   09D4 DD 6E 08      [19] 1542 	ld	l,8 (ix)
   09D7 DD 66 09      [19] 1543 	ld	h,9 (ix)
   09DA E5            [11] 1544 	push	hl
   09DB D5            [11] 1545 	push	de
   09DC CDrD9r16      [17] 1546 	call	_fat_bytes_to_int_le
   09DF F1            [10] 1547 	pop	af
   09E0 F1            [10] 1548 	pop	af
                           1549 ;fat.c:339: return 0;
   09E1 2E 00         [ 7] 1550 	ld	l,#0x00
   09E3                    1551 00103$:
   09E3 DD E1         [14] 1552 	pop	ix
   09E5 C9            [10] 1553 	ret
   09E6                    1554 _fat_get_table_record_end::
                           1555 ;fat.c:343: u8 fat_get_next_cluster(u32 *cluster) {
                           1556 ;	---------------------------------
                           1557 ; Function fat_get_next_cluster
                           1558 ; ---------------------------------
   09E6                    1559 _fat_get_next_cluster_start::
   09E6                    1560 _fat_get_next_cluster:
   09E6 DD E5         [15] 1561 	push	ix
   09E8 DD 21 00 00   [14] 1562 	ld	ix,#0
   09EC DD 39         [15] 1563 	add	ix,sp
                           1564 ;fat.c:347: resp = fat_get_table_record(*cluster, cluster);
   09EE DD 6E 04      [19] 1565 	ld	l,4 (ix)
   09F1 DD 66 05      [19] 1566 	ld	h,5 (ix)
   09F4 E5            [11] 1567 	push	hl
   09F5 5E            [ 7] 1568 	ld	e,(hl)
   09F6 23            [ 6] 1569 	inc	hl
   09F7 56            [ 7] 1570 	ld	d,(hl)
   09F8 23            [ 6] 1571 	inc	hl
   09F9 4E            [ 7] 1572 	ld	c,(hl)
   09FA 23            [ 6] 1573 	inc	hl
   09FB 46            [ 7] 1574 	ld	b,(hl)
   09FC C5            [11] 1575 	push	bc
   09FD D5            [11] 1576 	push	de
   09FE CDr86r09      [17] 1577 	call	_fat_get_table_record
   0A01 F1            [10] 1578 	pop	af
   0A02 F1            [10] 1579 	pop	af
   0A03 F1            [10] 1580 	pop	af
                           1581 ;fat.c:350: return resp;
   0A04 DD E1         [14] 1582 	pop	ix
   0A06 C9            [10] 1583 	ret
   0A07                    1584 _fat_get_next_cluster_end::
                           1585 ;fat.c:353: u8 fat_get_full_record(u32 hdr_entry, FatFullRecord *rec) {
                           1586 ;	---------------------------------
                           1587 ; Function fat_get_full_record
                           1588 ; ---------------------------------
   0A07                    1589 _fat_get_full_record_start::
   0A07                    1590 _fat_get_full_record:
   0A07 DD E5         [15] 1591 	push	ix
   0A09 DD 21 00 00   [14] 1592 	ld	ix,#0
   0A0D DD 39         [15] 1593 	add	ix,sp
   0A0F 21 DB FF      [10] 1594 	ld	hl,#-37
   0A12 39            [11] 1595 	add	hl,sp
   0A13 F9            [ 6] 1596 	ld	sp,hl
                           1597 ;fat.c:360: u8 *rec_name = (u8 *) rec->name;
   0A14 DD 7E 08      [19] 1598 	ld	a,8 (ix)
   0A17 DD 77 FA      [19] 1599 	ld	-6 (ix),a
   0A1A DD 7E 09      [19] 1600 	ld	a,9 (ix)
   0A1D DD 77 FB      [19] 1601 	ld	-5 (ix),a
   0A20 DD 6E FA      [19] 1602 	ld	l,-6 (ix)
   0A23 DD 66 FB      [19] 1603 	ld	h,-5 (ix)
   0A26 DD 75 E9      [19] 1604 	ld	-23 (ix),l
   0A29 DD 74 EA      [19] 1605 	ld	-22 (ix),h
                           1606 ;fat.c:363: u8 rec_idx = hdr_entry & 0x0f;
   0A2C DD 7E 04      [19] 1607 	ld	a,4 (ix)
   0A2F E6 0F         [ 7] 1608 	and	a, #0x0F
   0A31 DD 77 EB      [19] 1609 	ld	-21 (ix), a
                           1610 ;fat.c:364: u32 sector = (u32) hdr_entry >> 4;
   0A34 F5            [11] 1611 	push	af
   0A35 DD 7E 04      [19] 1612 	ld	a,4 (ix)
   0A38 DD 77 DB      [19] 1613 	ld	-37 (ix),a
   0A3B DD 7E 05      [19] 1614 	ld	a,5 (ix)
   0A3E DD 77 DC      [19] 1615 	ld	-36 (ix),a
   0A41 DD 7E 06      [19] 1616 	ld	a,6 (ix)
   0A44 DD 77 DD      [19] 1617 	ld	-35 (ix),a
   0A47 DD 7E 07      [19] 1618 	ld	a,7 (ix)
   0A4A DD 77 DE      [19] 1619 	ld	-34 (ix),a
   0A4D F1            [10] 1620 	pop	af
   0A4E 06 04         [ 7] 1621 	ld	b,#0x04
   0A50                    1622 00175$:
   0A50 DD CB DE 3E   [23] 1623 	srl	-34 (ix)
   0A54 DD CB DD 1E   [23] 1624 	rr	-35 (ix)
   0A58 DD CB DC 1E   [23] 1625 	rr	-36 (ix)
   0A5C DD CB DB 1E   [23] 1626 	rr	-37 (ix)
   0A60 10 EE         [13] 1627 	djnz	00175$
                           1628 ;fat.c:365: u32 cluster = fat_sector_to_cluster(sector);
   0A62 DD 6E DD      [19] 1629 	ld	l,-35 (ix)
   0A65 DD 66 DE      [19] 1630 	ld	h,-34 (ix)
   0A68 E5            [11] 1631 	push	hl
   0A69 DD 6E DB      [19] 1632 	ld	l,-37 (ix)
   0A6C DD 66 DC      [19] 1633 	ld	h,-36 (ix)
   0A6F E5            [11] 1634 	push	hl
   0A70 CDrB7r08      [17] 1635 	call	_fat_sector_to_cluster
   0A73 F1            [10] 1636 	pop	af
   0A74 F1            [10] 1637 	pop	af
   0A75 DD 75 E5      [19] 1638 	ld	-27 (ix),l
   0A78 DD 74 E6      [19] 1639 	ld	-26 (ix),h
   0A7B DD 73 E7      [19] 1640 	ld	-25 (ix),e
   0A7E DD 72 E8      [19] 1641 	ld	-24 (ix),d
                           1642 ;fat.c:366: u8 in_cluster = fat_in_cluster_addr(sector);
   0A81 DD 6E DD      [19] 1643 	ld	l,-35 (ix)
   0A84 DD 66 DE      [19] 1644 	ld	h,-34 (ix)
   0A87 E5            [11] 1645 	push	hl
   0A88 DD 6E DB      [19] 1646 	ld	l,-37 (ix)
   0A8B DD 66 DC      [19] 1647 	ld	h,-36 (ix)
   0A8E E5            [11] 1648 	push	hl
   0A8F CDr3Dr09      [17] 1649 	call	_fat_in_cluster_addr
   0A92 F1            [10] 1650 	pop	af
   0A93 F1            [10] 1651 	pop	af
   0A94 DD 75 EC      [19] 1652 	ld	-20 (ix),l
                           1653 ;fat.c:369: ptr = (u8 *) & fat_dat[rec_idx * 32];
   0A97 DD 7E EB      [19] 1654 	ld	a,-21 (ix)
   0A9A DD 77 F7      [19] 1655 	ld	-9 (ix),a
   0A9D DD 36 F8 00   [19] 1656 	ld	-8 (ix),#0x00
   0AA1 3E 06         [ 7] 1657 	ld	a,#0x05+1
   0AA3 18 08         [12] 1658 	jr	00178$
   0AA5                    1659 00177$:
   0AA5 DD CB F7 26   [23] 1660 	sla	-9 (ix)
   0AA9 DD CB F8 16   [23] 1661 	rl	-8 (ix)
   0AAD                    1662 00178$:
   0AAD 3D            [ 4] 1663 	dec	a
   0AAE 20 F5         [12] 1664 	jr	NZ,00177$
   0AB0 3Ar32r00      [13] 1665 	ld	a,(#_fat_dat + 0)
   0AB3 DD 86 F7      [19] 1666 	add	a, -9 (ix)
   0AB6 DD 77 DF      [19] 1667 	ld	-33 (ix),a
   0AB9 3Ar33r00      [13] 1668 	ld	a,(#_fat_dat + 1)
   0ABC DD 8E F8      [19] 1669 	adc	a, -8 (ix)
   0ABF DD 77 E0      [19] 1670 	ld	-32 (ix),a
                           1671 ;fat.c:371: rec_name[0] = 0;
   0AC2 DD 6E E9      [19] 1672 	ld	l,-23 (ix)
   0AC5 DD 66 EA      [19] 1673 	ld	h,-22 (ix)
   0AC8 36 00         [10] 1674 	ld	(hl),#0x00
                           1675 ;fat.c:372: rec_name[208] = 0;
   0ACA DD 7E E9      [19] 1676 	ld	a,-23 (ix)
   0ACD C6 D0         [ 7] 1677 	add	a, #0xD0
   0ACF 6F            [ 4] 1678 	ld	l,a
   0AD0 DD 7E EA      [19] 1679 	ld	a,-22 (ix)
   0AD3 CE 00         [ 7] 1680 	adc	a, #0x00
   0AD5 67            [ 4] 1681 	ld	h,a
   0AD6 36 00         [10] 1682 	ld	(hl),#0x00
                           1683 ;fat.c:373: rec->hdr_entry = hdr_entry;
   0AD8 DD 7E FA      [19] 1684 	ld	a,-6 (ix)
   0ADB C6 D4         [ 7] 1685 	add	a, #0xD4
   0ADD 5F            [ 4] 1686 	ld	e,a
   0ADE DD 7E FB      [19] 1687 	ld	a,-5 (ix)
   0AE1 CE 00         [ 7] 1688 	adc	a, #0x00
   0AE3 57            [ 4] 1689 	ld	d,a
   0AE4 21 29 00      [10] 1690 	ld	hl, #0x0029
   0AE7 39            [11] 1691 	add	hl, sp
   0AE8 01 04 00      [10] 1692 	ld	bc, #0x0004
   0AEB ED B0         [21] 1693 	ldir
   0AED                    1694 00124$:
                           1695 ;fat.c:378: resp = fat_cache_read_dat(sector);
   0AED DD 6E DD      [19] 1696 	ld	l,-35 (ix)
   0AF0 DD 66 DE      [19] 1697 	ld	h,-34 (ix)
   0AF3 E5            [11] 1698 	push	hl
   0AF4 DD 6E DB      [19] 1699 	ld	l,-37 (ix)
   0AF7 DD 66 DC      [19] 1700 	ld	h,-36 (ix)
   0AFA E5            [11] 1701 	push	hl
   0AFB CDr13r02      [17] 1702 	call	_fat_cache_read_dat
   0AFE F1            [10] 1703 	pop	af
   0AFF F1            [10] 1704 	pop	af
                           1705 ;fat.c:379: if (resp)return resp;
   0B00 DD 75 E4      [19] 1706 	ld	-28 (ix), l
   0B03 7D            [ 4] 1707 	ld	a, l
   0B04 B7            [ 4] 1708 	or	a, a
   0B05 28 06         [12] 1709 	jr	Z,00136$
   0B07 DD 6E E4      [19] 1710 	ld	l,-28 (ix)
   0B0A C3r62r0E      [10] 1711 	jp	00128$
   0B0D                    1712 00136$:
   0B0D DD 7E DF      [19] 1713 	ld	a,-33 (ix)
   0B10 DD 77 F7      [19] 1714 	ld	-9 (ix),a
   0B13 DD 7E E0      [19] 1715 	ld	a,-32 (ix)
   0B16 DD 77 F8      [19] 1716 	ld	-8 (ix),a
   0B19 DD 7E EB      [19] 1717 	ld	a,-21 (ix)
   0B1C DD 77 F9      [19] 1718 	ld	-7 (ix),a
   0B1F                    1719 00122$:
                           1720 ;fat.c:382: for (; rec_idx < 16; rec_idx++) {
   0B1F DD 7E F9      [19] 1721 	ld	a,-7 (ix)
   0B22 D6 10         [ 7] 1722 	sub	a, #0x10
   0B24 D2rB6r0B      [10] 1723 	jp	NC,00146$
                           1724 ;fat.c:383: if (ptr[0x0B] != 0x0F)break;
   0B27 DD 6E F7      [19] 1725 	ld	l,-9 (ix)
   0B2A DD 66 F8      [19] 1726 	ld	h,-8 (ix)
   0B2D 11 0B 00      [10] 1727 	ld	de, #0x000B
   0B30 19            [11] 1728 	add	hl, de
   0B31 7E            [ 7] 1729 	ld	a,(hl)
   0B32 D6 0F         [ 7] 1730 	sub	a, #0x0F
   0B34 C2rB6r0B      [10] 1731 	jp	NZ,00146$
                           1732 ;fat.c:385: name_ptr = (u8 *) & rec_name[((*ptr - 1) & 0x0f) * 13];
   0B37 DD 6E F7      [19] 1733 	ld	l,-9 (ix)
   0B3A DD 66 F8      [19] 1734 	ld	h,-8 (ix)
   0B3D 5E            [ 7] 1735 	ld	e,(hl)
   0B3E 6B            [ 4] 1736 	ld	l,e
   0B3F 26 00         [ 7] 1737 	ld	h,#0x00
   0B41 2B            [ 6] 1738 	dec	hl
   0B42 7D            [ 4] 1739 	ld	a,l
   0B43 E6 0F         [ 7] 1740 	and	a, #0x0F
   0B45 6F            [ 4] 1741 	ld	l,a
   0B46 26 00         [ 7] 1742 	ld	h,#0x00
   0B48 4D            [ 4] 1743 	ld	c, l
   0B49 44            [ 4] 1744 	ld	b, h
   0B4A 29            [11] 1745 	add	hl, hl
   0B4B 09            [11] 1746 	add	hl, bc
   0B4C 29            [11] 1747 	add	hl, hl
   0B4D 29            [11] 1748 	add	hl, hl
   0B4E 09            [11] 1749 	add	hl, bc
   0B4F DD 4E E9      [19] 1750 	ld	c,-23 (ix)
   0B52 DD 46 EA      [19] 1751 	ld	b,-22 (ix)
   0B55 09            [11] 1752 	add	hl,bc
   0B56 DD 75 E1      [19] 1753 	ld	-31 (ix),l
   0B59 DD 74 E2      [19] 1754 	ld	-30 (ix),h
                           1755 ;fat.c:386: if ((*ptr & 0x40) == 0x40)name_ptr[13] = 0;
   0B5C 7B            [ 4] 1756 	ld	a,e
   0B5D E6 40         [ 7] 1757 	and	a, #0x40
   0B5F D6 40         [ 7] 1758 	sub	a, #0x40
   0B61 20 18         [12] 1759 	jr	NZ,00106$
   0B63 DD 7E E1      [19] 1760 	ld	a,-31 (ix)
   0B66 C6 0D         [ 7] 1761 	add	a, #0x0D
   0B68 DD 77 F5      [19] 1762 	ld	-11 (ix),a
   0B6B DD 7E E2      [19] 1763 	ld	a,-30 (ix)
   0B6E CE 00         [ 7] 1764 	adc	a, #0x00
   0B70 DD 77 F6      [19] 1765 	ld	-10 (ix),a
   0B73 DD 6E F5      [19] 1766 	ld	l,-11 (ix)
   0B76 DD 66 F6      [19] 1767 	ld	h,-10 (ix)
   0B79 36 00         [10] 1768 	ld	(hl),#0x00
   0B7B                    1769 00106$:
                           1770 ;fat.c:388: lfn_struct_ptr = (u8*) lfn_char_struct;
   0B7B FD 21r06r02   [14] 1771 	ld	iy,#_lfn_char_struct
                           1772 ;fat.c:389: for (i = 0; i < 13; i++)*name_ptr++ = ptr[*lfn_struct_ptr++];
   0B7F DD 5E E1      [19] 1773 	ld	e,-31 (ix)
   0B82 DD 56 E2      [19] 1774 	ld	d,-30 (ix)
   0B85 06 00         [ 7] 1775 	ld	b,#0x00
   0B87                    1776 00119$:
   0B87 FD 66 00      [19] 1777 	ld	h, 0 (iy)
   0B8A FD 23         [10] 1778 	inc	iy
   0B8C DD 7E F7      [19] 1779 	ld	a,-9 (ix)
   0B8F 84            [ 4] 1780 	add	a, h
   0B90 6F            [ 4] 1781 	ld	l,a
   0B91 DD 7E F8      [19] 1782 	ld	a,-8 (ix)
   0B94 CE 00         [ 7] 1783 	adc	a, #0x00
   0B96 67            [ 4] 1784 	ld	h,a
   0B97 7E            [ 7] 1785 	ld	a,(hl)
   0B98 12            [ 7] 1786 	ld	(de),a
   0B99 13            [ 6] 1787 	inc	de
   0B9A 04            [ 4] 1788 	inc	b
   0B9B 78            [ 4] 1789 	ld	a,b
   0B9C D6 0D         [ 7] 1790 	sub	a, #0x0D
   0B9E 38 E7         [12] 1791 	jr	C,00119$
                           1792 ;fat.c:391: ptr += 32;
   0BA0 DD 7E F7      [19] 1793 	ld	a,-9 (ix)
   0BA3 C6 20         [ 7] 1794 	add	a, #0x20
   0BA5 DD 77 F7      [19] 1795 	ld	-9 (ix),a
   0BA8 DD 7E F8      [19] 1796 	ld	a,-8 (ix)
   0BAB CE 00         [ 7] 1797 	adc	a, #0x00
   0BAD DD 77 F8      [19] 1798 	ld	-8 (ix),a
                           1799 ;fat.c:382: for (; rec_idx < 16; rec_idx++) {
   0BB0 DD 34 F9      [23] 1800 	inc	-7 (ix)
   0BB3 C3r1Fr0B      [10] 1801 	jp	00122$
   0BB6                    1802 00146$:
   0BB6 DD 7E F7      [19] 1803 	ld	a,-9 (ix)
   0BB9 DD 77 DF      [19] 1804 	ld	-33 (ix),a
   0BBC DD 7E F8      [19] 1805 	ld	a,-8 (ix)
   0BBF DD 77 E0      [19] 1806 	ld	-32 (ix),a
   0BC2 DD 7E F9      [19] 1807 	ld	a,-7 (ix)
   0BC5 DD 77 EB      [19] 1808 	ld	-21 (ix),a
                           1809 ;fat.c:393: if (rec_idx != 16)break;
   0BC8 DD 7E F9      [19] 1810 	ld	a,-7 (ix)
   0BCB D6 10         [ 7] 1811 	sub	a, #0x10
   0BCD 20 6B         [12] 1812 	jr	NZ,00115$
                           1813 ;fat.c:395: rec_idx = 0;
   0BCF DD 36 EB 00   [19] 1814 	ld	-21 (ix),#0x00
                           1815 ;fat.c:396: ptr = (u8 *) fat_dat;
   0BD3 2Ar32r00      [16] 1816 	ld	hl,(_fat_dat)
   0BD6 DD 75 DF      [19] 1817 	ld	-33 (ix),l
   0BD9 DD 74 E0      [19] 1818 	ld	-32 (ix),h
                           1819 ;fat.c:397: in_cluster++;
   0BDC DD 34 EC      [23] 1820 	inc	-20 (ix)
                           1821 ;fat.c:398: sector++;
   0BDF DD 34 DB      [23] 1822 	inc	-37 (ix)
   0BE2 20 0D         [12] 1823 	jr	NZ,00185$
   0BE4 DD 34 DC      [23] 1824 	inc	-36 (ix)
   0BE7 20 08         [12] 1825 	jr	NZ,00185$
   0BE9 DD 34 DD      [23] 1826 	inc	-35 (ix)
   0BEC 20 03         [12] 1827 	jr	NZ,00185$
   0BEE DD 34 DE      [23] 1828 	inc	-34 (ix)
   0BF1                    1829 00185$:
                           1830 ;fat.c:400: if (in_cluster == fat_cluster_size) {
   0BF1 DD 7E EC      [19] 1831 	ld	a,-20 (ix)
   0BF4 FD 21r22r00   [14] 1832 	ld	iy,#_fat_cluster_size
   0BF8 FD 96 00      [19] 1833 	sub	a, 0 (iy)
   0BFB C2rEDr0A      [10] 1834 	jp	NZ,00124$
                           1835 ;fat.c:402: resp = fat_get_next_cluster(&cluster);
   0BFE 21 0A 00      [10] 1836 	ld	hl,#0x000A
   0C01 39            [11] 1837 	add	hl,sp
   0C02 E5            [11] 1838 	push	hl
   0C03 CDrE6r09      [17] 1839 	call	_fat_get_next_cluster
   0C06 F1            [10] 1840 	pop	af
                           1841 ;fat.c:403: if (resp)return resp;
   0C07 DD 75 E4      [19] 1842 	ld	-28 (ix), l
   0C0A 7D            [ 4] 1843 	ld	a, l
   0C0B B7            [ 4] 1844 	or	a, a
   0C0C 28 06         [12] 1845 	jr	Z,00112$
   0C0E DD 6E E4      [19] 1846 	ld	l,-28 (ix)
   0C11 C3r62r0E      [10] 1847 	jp	00128$
   0C14                    1848 00112$:
                           1849 ;fat.c:405: sector = fat_cluster_to_sector(cluster);
   0C14 DD 6E E7      [19] 1850 	ld	l,-25 (ix)
   0C17 DD 66 E8      [19] 1851 	ld	h,-24 (ix)
   0C1A E5            [11] 1852 	push	hl
   0C1B DD 6E E5      [19] 1853 	ld	l,-27 (ix)
   0C1E DD 66 E6      [19] 1854 	ld	h,-26 (ix)
   0C21 E5            [11] 1855 	push	hl
   0C22 CDr2Dr08      [17] 1856 	call	_fat_cluster_to_sector
   0C25 F1            [10] 1857 	pop	af
   0C26 F1            [10] 1858 	pop	af
   0C27 DD 75 DB      [19] 1859 	ld	-37 (ix),l
   0C2A DD 74 DC      [19] 1860 	ld	-36 (ix),h
   0C2D DD 73 DD      [19] 1861 	ld	-35 (ix),e
   0C30 DD 72 DE      [19] 1862 	ld	-34 (ix),d
                           1863 ;fat.c:406: in_cluster = 0;
   0C33 DD 36 EC 00   [19] 1864 	ld	-20 (ix),#0x00
   0C37 C3rEDr0A      [10] 1865 	jp	00124$
   0C3A                    1866 00115$:
                           1867 ;fat.c:411: if (rec_name[0] == 0) {
   0C3A DD 6E E9      [19] 1868 	ld	l,-23 (ix)
   0C3D DD 66 EA      [19] 1869 	ld	h,-22 (ix)
   0C40 7E            [ 7] 1870 	ld	a,(hl)
   0C41 DD 77 F5      [19] 1871 	ld	-11 (ix), a
   0C44 B7            [ 4] 1872 	or	a, a
   0C45 20 4D         [12] 1873 	jr	NZ,00118$
                           1874 ;fat.c:412: for (i = 0; i < 11; i++)rec_name[i] = ptr[i];
   0C47 DD 36 E3 00   [19] 1875 	ld	-29 (ix),#0x00
   0C4B                    1876 00126$:
   0C4B DD 7E E9      [19] 1877 	ld	a,-23 (ix)
   0C4E DD 86 E3      [19] 1878 	add	a, -29 (ix)
   0C51 DD 77 F5      [19] 1879 	ld	-11 (ix),a
   0C54 DD 7E EA      [19] 1880 	ld	a,-22 (ix)
   0C57 CE 00         [ 7] 1881 	adc	a, #0x00
   0C59 DD 77 F6      [19] 1882 	ld	-10 (ix),a
   0C5C DD 7E DF      [19] 1883 	ld	a,-33 (ix)
   0C5F DD 86 E3      [19] 1884 	add	a, -29 (ix)
   0C62 DD 77 F7      [19] 1885 	ld	-9 (ix),a
   0C65 DD 7E E0      [19] 1886 	ld	a,-32 (ix)
   0C68 CE 00         [ 7] 1887 	adc	a, #0x00
   0C6A DD 77 F8      [19] 1888 	ld	-8 (ix),a
   0C6D DD 6E F7      [19] 1889 	ld	l,-9 (ix)
   0C70 DD 66 F8      [19] 1890 	ld	h,-8 (ix)
   0C73 7E            [ 7] 1891 	ld	a,(hl)
   0C74 DD 6E F5      [19] 1892 	ld	l,-11 (ix)
   0C77 DD 66 F6      [19] 1893 	ld	h,-10 (ix)
   0C7A 77            [ 7] 1894 	ld	(hl),a
   0C7B DD 34 E3      [23] 1895 	inc	-29 (ix)
   0C7E DD 7E E3      [19] 1896 	ld	a,-29 (ix)
   0C81 D6 0B         [ 7] 1897 	sub	a, #0x0B
   0C83 38 C6         [12] 1898 	jr	C,00126$
                           1899 ;fat.c:413: rec_name[i] = 0;
   0C85 DD 7E E9      [19] 1900 	ld	a,-23 (ix)
   0C88 DD 86 E3      [19] 1901 	add	a, -29 (ix)
   0C8B 6F            [ 4] 1902 	ld	l,a
   0C8C DD 7E EA      [19] 1903 	ld	a,-22 (ix)
   0C8F CE 00         [ 7] 1904 	adc	a, #0x00
   0C91 67            [ 4] 1905 	ld	h,a
   0C92 36 00         [10] 1906 	ld	(hl),#0x00
   0C94                    1907 00118$:
                           1908 ;fat.c:416: rec->hdr_entry_8 = (sector << 4) | rec_idx;
   0C94 DD 7E FA      [19] 1909 	ld	a,-6 (ix)
   0C97 C6 D8         [ 7] 1910 	add	a, #0xD8
   0C99 DD 77 F5      [19] 1911 	ld	-11 (ix),a
   0C9C DD 7E FB      [19] 1912 	ld	a,-5 (ix)
   0C9F CE 00         [ 7] 1913 	adc	a, #0x00
   0CA1 DD 77 F6      [19] 1914 	ld	-10 (ix),a
   0CA4 F5            [11] 1915 	push	af
   0CA5 DD 7E DB      [19] 1916 	ld	a,-37 (ix)
   0CA8 DD 77 F1      [19] 1917 	ld	-15 (ix),a
   0CAB DD 7E DC      [19] 1918 	ld	a,-36 (ix)
   0CAE DD 77 F2      [19] 1919 	ld	-14 (ix),a
   0CB1 DD 7E DD      [19] 1920 	ld	a,-35 (ix)
   0CB4 DD 77 F3      [19] 1921 	ld	-13 (ix),a
   0CB7 DD 7E DE      [19] 1922 	ld	a,-34 (ix)
   0CBA DD 77 F4      [19] 1923 	ld	-12 (ix),a
   0CBD F1            [10] 1924 	pop	af
   0CBE 06 04         [ 7] 1925 	ld	b,#0x04
   0CC0                    1926 00188$:
   0CC0 DD CB F1 26   [23] 1927 	sla	-15 (ix)
   0CC4 DD CB F2 16   [23] 1928 	rl	-14 (ix)
   0CC8 DD CB F3 16   [23] 1929 	rl	-13 (ix)
   0CCC DD CB F4 16   [23] 1930 	rl	-12 (ix)
   0CD0 10 EE         [13] 1931 	djnz	00188$
   0CD2 DD 7E EB      [19] 1932 	ld	a,-21 (ix)
   0CD5 DD 77 FC      [19] 1933 	ld	-4 (ix),a
   0CD8 DD 36 FD 00   [19] 1934 	ld	-3 (ix),#0x00
   0CDC DD 36 FE 00   [19] 1935 	ld	-2 (ix),#0x00
   0CE0 DD 36 FF 00   [19] 1936 	ld	-1 (ix),#0x00
   0CE4 DD 7E FC      [19] 1937 	ld	a,-4 (ix)
   0CE7 DD B6 F1      [19] 1938 	or	a, -15 (ix)
   0CEA DD 77 FC      [19] 1939 	ld	-4 (ix),a
   0CED DD 7E FD      [19] 1940 	ld	a,-3 (ix)
   0CF0 DD B6 F2      [19] 1941 	or	a, -14 (ix)
   0CF3 DD 77 FD      [19] 1942 	ld	-3 (ix),a
   0CF6 DD 7E FE      [19] 1943 	ld	a,-2 (ix)
   0CF9 DD B6 F3      [19] 1944 	or	a, -13 (ix)
   0CFC DD 77 FE      [19] 1945 	ld	-2 (ix),a
   0CFF DD 7E FF      [19] 1946 	ld	a,-1 (ix)
   0D02 DD B6 F4      [19] 1947 	or	a, -12 (ix)
   0D05 DD 77 FF      [19] 1948 	ld	-1 (ix),a
   0D08 DD 5E F5      [19] 1949 	ld	e,-11 (ix)
   0D0B DD 56 F6      [19] 1950 	ld	d,-10 (ix)
   0D0E 21 21 00      [10] 1951 	ld	hl, #0x0021
   0D11 39            [11] 1952 	add	hl, sp
   0D12 01 04 00      [10] 1953 	ld	bc, #0x0004
   0D15 ED B0         [21] 1954 	ldir
                           1955 ;fat.c:418: rec->is_dir = ptr[0x0B] & 0x10;
   0D17 DD 7E FA      [19] 1956 	ld	a,-6 (ix)
   0D1A C6 E4         [ 7] 1957 	add	a, #0xE4
   0D1C DD 77 FC      [19] 1958 	ld	-4 (ix),a
   0D1F DD 7E FB      [19] 1959 	ld	a,-5 (ix)
   0D22 CE 00         [ 7] 1960 	adc	a, #0x00
   0D24 DD 77 FD      [19] 1961 	ld	-3 (ix),a
   0D27 DD 7E DF      [19] 1962 	ld	a,-33 (ix)
   0D2A DD 77 F1      [19] 1963 	ld	-15 (ix),a
   0D2D DD 7E E0      [19] 1964 	ld	a,-32 (ix)
   0D30 DD 77 F2      [19] 1965 	ld	-14 (ix),a
   0D33 DD 6E F1      [19] 1966 	ld	l,-15 (ix)
   0D36 DD 66 F2      [19] 1967 	ld	h,-14 (ix)
   0D39 11 0B 00      [10] 1968 	ld	de, #0x000B
   0D3C 19            [11] 1969 	add	hl, de
   0D3D 7E            [ 7] 1970 	ld	a,(hl)
   0D3E DD 77 F1      [19] 1971 	ld	-15 (ix), a
   0D41 E6 10         [ 7] 1972 	and	a, #0x10
   0D43 DD 77 F1      [19] 1973 	ld	-15 (ix),a
   0D46 DD 6E FC      [19] 1974 	ld	l,-4 (ix)
   0D49 DD 66 FD      [19] 1975 	ld	h,-3 (ix)
   0D4C DD 7E F1      [19] 1976 	ld	a,-15 (ix)
   0D4F 77            [ 7] 1977 	ld	(hl),a
                           1978 ;fat.c:421: rec->data_clsut = fat_bytes_to_short(&ptr[0x14]);
   0D50 DD 7E FA      [19] 1979 	ld	a,-6 (ix)
   0D53 C6 DC         [ 7] 1980 	add	a, #0xDC
   0D55 DD 77 FC      [19] 1981 	ld	-4 (ix),a
   0D58 DD 7E FB      [19] 1982 	ld	a,-5 (ix)
   0D5B CE 00         [ 7] 1983 	adc	a, #0x00
   0D5D DD 77 FD      [19] 1984 	ld	-3 (ix),a
   0D60 DD 7E DF      [19] 1985 	ld	a,-33 (ix)
   0D63 C6 14         [ 7] 1986 	add	a, #0x14
   0D65 DD 77 F1      [19] 1987 	ld	-15 (ix),a
   0D68 DD 7E E0      [19] 1988 	ld	a,-32 (ix)
   0D6B CE 00         [ 7] 1989 	adc	a, #0x00
   0D6D DD 77 F2      [19] 1990 	ld	-14 (ix),a
   0D70 DD 6E F1      [19] 1991 	ld	l,-15 (ix)
   0D73 DD 66 F2      [19] 1992 	ld	h,-14 (ix)
   0D76 E5            [11] 1993 	push	hl
   0D77 CDr61r03      [17] 1994 	call	_fat_bytes_to_short
   0D7A F1            [10] 1995 	pop	af
   0D7B DD 74 F2      [19] 1996 	ld	-14 (ix),h
   0D7E DD 75 F1      [19] 1997 	ld	-15 (ix), l
   0D81 55            [ 4] 1998 	ld	d, l
   0D82 DD 46 F2      [19] 1999 	ld	b,-14 (ix)
   0D85 1E 00         [ 7] 2000 	ld	e,#0x00
   0D87 0E 00         [ 7] 2001 	ld	c,#0x00
   0D89 DD 6E FC      [19] 2002 	ld	l,-4 (ix)
   0D8C DD 66 FD      [19] 2003 	ld	h,-3 (ix)
   0D8F 72            [ 7] 2004 	ld	(hl),d
   0D90 23            [ 6] 2005 	inc	hl
   0D91 70            [ 7] 2006 	ld	(hl),b
   0D92 23            [ 6] 2007 	inc	hl
   0D93 73            [ 7] 2008 	ld	(hl),e
   0D94 23            [ 6] 2009 	inc	hl
   0D95 71            [ 7] 2010 	ld	(hl),c
                           2011 ;fat.c:422: rec->data_clsut <<= 16;
   0D96 F5            [11] 2012 	push	af
   0D97 DD 72 F1      [19] 2013 	ld	-15 (ix),d
   0D9A DD 70 F2      [19] 2014 	ld	-14 (ix),b
   0D9D DD 73 F3      [19] 2015 	ld	-13 (ix),e
   0DA0 DD 71 F4      [19] 2016 	ld	-12 (ix),c
   0DA3 F1            [10] 2017 	pop	af
   0DA4 3E 10         [ 7] 2018 	ld	a,#0x10
   0DA6                    2019 00190$:
   0DA6 DD CB F1 26   [23] 2020 	sla	-15 (ix)
   0DAA DD CB F2 16   [23] 2021 	rl	-14 (ix)
   0DAE DD CB F3 16   [23] 2022 	rl	-13 (ix)
   0DB2 DD CB F4 16   [23] 2023 	rl	-12 (ix)
   0DB6 3D            [ 4] 2024 	dec	a
   0DB7 20 ED         [12] 2025 	jr	NZ,00190$
   0DB9 DD 5E FC      [19] 2026 	ld	e,-4 (ix)
   0DBC DD 56 FD      [19] 2027 	ld	d,-3 (ix)
   0DBF 21 16 00      [10] 2028 	ld	hl, #0x0016
   0DC2 39            [11] 2029 	add	hl, sp
   0DC3 01 04 00      [10] 2030 	ld	bc, #0x0004
   0DC6 ED B0         [21] 2031 	ldir
                           2032 ;fat.c:423: rec->data_clsut |= fat_bytes_to_short(&ptr[0x1a]);
   0DC8 DD 7E DF      [19] 2033 	ld	a,-33 (ix)
   0DCB C6 1A         [ 7] 2034 	add	a, #0x1A
   0DCD DD 77 F5      [19] 2035 	ld	-11 (ix),a
   0DD0 DD 7E E0      [19] 2036 	ld	a,-32 (ix)
   0DD3 CE 00         [ 7] 2037 	adc	a, #0x00
   0DD5 DD 77 F6      [19] 2038 	ld	-10 (ix),a
   0DD8 DD 6E F5      [19] 2039 	ld	l,-11 (ix)
   0DDB DD 66 F6      [19] 2040 	ld	h,-10 (ix)
   0DDE E5            [11] 2041 	push	hl
   0DDF CDr61r03      [17] 2042 	call	_fat_bytes_to_short
   0DE2 F1            [10] 2043 	pop	af
   0DE3 DD 74 F6      [19] 2044 	ld	-10 (ix),h
   0DE6 DD 75 F5      [19] 2045 	ld	-11 (ix), l
   0DE9 DD 75 ED      [19] 2046 	ld	-19 (ix), l
   0DEC DD 7E F6      [19] 2047 	ld	a,-10 (ix)
   0DEF DD 77 EE      [19] 2048 	ld	-18 (ix),a
   0DF2 DD 36 EF 00   [19] 2049 	ld	-17 (ix),#0x00
   0DF6 DD 36 F0 00   [19] 2050 	ld	-16 (ix),#0x00
   0DFA DD 7E ED      [19] 2051 	ld	a,-19 (ix)
   0DFD DD B6 F1      [19] 2052 	or	a, -15 (ix)
   0E00 DD 77 ED      [19] 2053 	ld	-19 (ix),a
   0E03 DD 7E EE      [19] 2054 	ld	a,-18 (ix)
   0E06 DD B6 F2      [19] 2055 	or	a, -14 (ix)
   0E09 DD 77 EE      [19] 2056 	ld	-18 (ix),a
   0E0C DD 7E EF      [19] 2057 	ld	a,-17 (ix)
   0E0F DD B6 F3      [19] 2058 	or	a, -13 (ix)
   0E12 DD 77 EF      [19] 2059 	ld	-17 (ix),a
   0E15 DD 7E F0      [19] 2060 	ld	a,-16 (ix)
   0E18 DD B6 F4      [19] 2061 	or	a, -12 (ix)
   0E1B DD 77 F0      [19] 2062 	ld	-16 (ix),a
   0E1E DD 5E FC      [19] 2063 	ld	e,-4 (ix)
   0E21 DD 56 FD      [19] 2064 	ld	d,-3 (ix)
   0E24 21 12 00      [10] 2065 	ld	hl, #0x0012
   0E27 39            [11] 2066 	add	hl, sp
   0E28 01 04 00      [10] 2067 	ld	bc, #0x0004
   0E2B ED B0         [21] 2068 	ldir
                           2069 ;fat.c:426: fat_bytes_to_int_le(&ptr[0x1c], &rec->size);
   0E2D DD 7E FA      [19] 2070 	ld	a,-6 (ix)
   0E30 C6 E0         [ 7] 2071 	add	a, #0xE0
   0E32 DD 77 ED      [19] 2072 	ld	-19 (ix),a
   0E35 DD 7E FB      [19] 2073 	ld	a,-5 (ix)
   0E38 CE 00         [ 7] 2074 	adc	a, #0x00
   0E3A DD 77 EE      [19] 2075 	ld	-18 (ix),a
   0E3D DD 7E DF      [19] 2076 	ld	a,-33 (ix)
   0E40 C6 1C         [ 7] 2077 	add	a, #0x1C
   0E42 DD 77 FC      [19] 2078 	ld	-4 (ix),a
   0E45 DD 7E E0      [19] 2079 	ld	a,-32 (ix)
   0E48 CE 00         [ 7] 2080 	adc	a, #0x00
   0E4A DD 77 FD      [19] 2081 	ld	-3 (ix),a
   0E4D DD 6E ED      [19] 2082 	ld	l,-19 (ix)
   0E50 DD 66 EE      [19] 2083 	ld	h,-18 (ix)
   0E53 E5            [11] 2084 	push	hl
   0E54 DD 6E FC      [19] 2085 	ld	l,-4 (ix)
   0E57 DD 66 FD      [19] 2086 	ld	h,-3 (ix)
   0E5A E5            [11] 2087 	push	hl
   0E5B CDrD9r16      [17] 2088 	call	_fat_bytes_to_int_le
   0E5E F1            [10] 2089 	pop	af
   0E5F F1            [10] 2090 	pop	af
                           2091 ;fat.c:429: return 0;
   0E60 2E 00         [ 7] 2092 	ld	l,#0x00
   0E62                    2093 00128$:
   0E62 DD F9         [10] 2094 	ld	sp,ix
   0E64 DD E1         [14] 2095 	pop	ix
   0E66 C9            [10] 2096 	ret
   0E67                    2097 _fat_get_full_record_end::
                           2098 ;fat.c:433: u8 fat_open_file(FatFullRecord *rec, u16 wr_slen) {
                           2099 ;	---------------------------------
                           2100 ; Function fat_open_file
                           2101 ; ---------------------------------
   0E67                    2102 _fat_open_file_start::
   0E67                    2103 _fat_open_file:
   0E67 DD E5         [15] 2104 	push	ix
   0E69 DD 21 00 00   [14] 2105 	ld	ix,#0
   0E6D DD 39         [15] 2106 	add	ix,sp
   0E6F 21 F6 FF      [10] 2107 	ld	hl,#-10
   0E72 39            [11] 2108 	add	hl,sp
   0E73 F9            [ 6] 2109 	ld	sp,hl
                           2110 ;fat.c:437: if (rec->is_dir)return FAT_ERR_NOT_FILE;
   0E74 DD 7E 04      [19] 2111 	ld	a,4 (ix)
   0E77 DD 77 FE      [19] 2112 	ld	-2 (ix),a
   0E7A DD 7E 05      [19] 2113 	ld	a,5 (ix)
   0E7D DD 77 FF      [19] 2114 	ld	-1 (ix),a
   0E80 DD 6E FE      [19] 2115 	ld	l,-2 (ix)
   0E83 DD 66 FF      [19] 2116 	ld	h,-1 (ix)
   0E86 11 E4 00      [10] 2117 	ld	de, #0x00E4
   0E89 19            [11] 2118 	add	hl, de
   0E8A 7E            [ 7] 2119 	ld	a,(hl)
   0E8B DD 77 FD      [19] 2120 	ld	-3 (ix), a
   0E8E B7            [ 4] 2121 	or	a, a
   0E8F 28 05         [12] 2122 	jr	Z,00102$
   0E91 2E F5         [ 7] 2123 	ld	l,#0xF5
   0E93 C3r3Cr10      [10] 2124 	jp	00113$
   0E96                    2125 00102$:
                           2126 ;fat.c:439: file.size = rec->size;
   0E96 DD 7E FE      [19] 2127 	ld	a,-2 (ix)
   0E99 C6 E0         [ 7] 2128 	add	a, #0xE0
   0E9B DD 77 FB      [19] 2129 	ld	-5 (ix),a
   0E9E DD 7E FF      [19] 2130 	ld	a,-1 (ix)
   0EA1 CE 00         [ 7] 2131 	adc	a, #0x00
   0EA3 DD 77 FC      [19] 2132 	ld	-4 (ix),a
   0EA6 DD 5E FB      [19] 2133 	ld	e,-5 (ix)
   0EA9 DD 56 FC      [19] 2134 	ld	d,-4 (ix)
   0EAC 21 01 00      [10] 2135 	ld	hl, #0x0001
   0EAF 39            [11] 2136 	add	hl, sp
   0EB0 EB            [ 4] 2137 	ex	de, hl
   0EB1 01 04 00      [10] 2138 	ld	bc, #0x0004
   0EB4 ED B0         [21] 2139 	ldir
   0EB6 11r42r02      [10] 2140 	ld	de,#(_file + 0x0008)
   0EB9 21 01 00      [10] 2141 	ld	hl, #0x0001
   0EBC 39            [11] 2142 	add	hl, sp
   0EBD 01 04 00      [10] 2143 	ld	bc, #0x0004
   0EC0 ED B0         [21] 2144 	ldir
                           2145 ;fat.c:440: file.sec_available = file.size / 512;
   0EC2 F5            [11] 2146 	push	af
   0EC3 DD 5E F7      [19] 2147 	ld	e,-9 (ix)
   0EC6 DD 56 F8      [19] 2148 	ld	d,-8 (ix)
   0EC9 DD 6E F9      [19] 2149 	ld	l,-7 (ix)
   0ECC DD 66 FA      [19] 2150 	ld	h,-6 (ix)
   0ECF F1            [10] 2151 	pop	af
   0ED0 06 09         [ 7] 2152 	ld	b,#0x09
   0ED2                    2153 00138$:
   0ED2 CB 3C         [ 8] 2154 	srl	h
   0ED4 CB 1D         [ 8] 2155 	rr	l
   0ED6 CB 1A         [ 8] 2156 	rr	d
   0ED8 CB 1B         [ 8] 2157 	rr	e
   0EDA 10 F6         [13] 2158 	djnz	00138$
   0EDC ED 53r46r02   [20] 2159 	ld	((_file + 0x000c)), de
                           2160 ;fat.c:441: if ((file.size & 511) != 0)file.sec_available++;
   0EE0 DD 7E F7      [19] 2161 	ld	a,-9 (ix)
   0EE3 B7            [ 4] 2162 	or	a, a
   0EE4 20 06         [12] 2163 	jr	NZ,00140$
   0EE6 DD CB F8 46   [20] 2164 	bit	0, -8 (ix)
   0EEA 28 09         [12] 2165 	jr	Z,00104$
   0EEC                    2166 00140$:
   0EEC ED 5Br46r02   [20] 2167 	ld	de, (#(_file + 0x000c) + 0)
   0EF0 13            [ 6] 2168 	inc	de
   0EF1 ED 53r46r02   [20] 2169 	ld	((_file + 0x000c)), de
   0EF5                    2170 00104$:
                           2171 ;fat.c:443: if (wr_slen > file.sec_available) {
   0EF5 2Ar46r02      [16] 2172 	ld	hl, (#(_file + 0x000c) + 0)
   0EF8 7D            [ 4] 2173 	ld	a,l
   0EF9 DD 96 06      [19] 2174 	sub	a, 6 (ix)
   0EFC 7C            [ 4] 2175 	ld	a,h
   0EFD DD 9E 07      [19] 2176 	sbc	a, 7 (ix)
   0F00 30 4D         [12] 2177 	jr	NC,00110$
                           2178 ;fat.c:444: resp = fat_resize_file(rec, wr_slen);
   0F02 DD 6E 06      [19] 2179 	ld	l,6 (ix)
   0F05 DD 66 07      [19] 2180 	ld	h,7 (ix)
   0F08 E5            [11] 2181 	push	hl
   0F09 DD 6E FE      [19] 2182 	ld	l,-2 (ix)
   0F0C DD 66 FF      [19] 2183 	ld	h,-1 (ix)
   0F0F E5            [11] 2184 	push	hl
   0F10 CDrB2r1A      [17] 2185 	call	_fat_resize_file
   0F13 F1            [10] 2186 	pop	af
   0F14 F1            [10] 2187 	pop	af
                           2188 ;fat.c:445: if (resp)return resp;
   0F15 DD 75 F6      [19] 2189 	ld	-10 (ix), l
   0F18 7D            [ 4] 2190 	ld	a, l
   0F19 B7            [ 4] 2191 	or	a, a
   0F1A 28 06         [12] 2192 	jr	Z,00106$
   0F1C DD 6E F6      [19] 2193 	ld	l,-10 (ix)
   0F1F C3r3Cr10      [10] 2194 	jp	00113$
   0F22                    2195 00106$:
                           2196 ;fat.c:446: resp = fat_get_full_record(rec->hdr_entry, rec);
   0F22 DD 6E FE      [19] 2197 	ld	l,-2 (ix)
   0F25 DD 66 FF      [19] 2198 	ld	h,-1 (ix)
   0F28 11 D4 00      [10] 2199 	ld	de, #0x00D4
   0F2B 19            [11] 2200 	add	hl, de
   0F2C 5E            [ 7] 2201 	ld	e,(hl)
   0F2D 23            [ 6] 2202 	inc	hl
   0F2E 56            [ 7] 2203 	ld	d,(hl)
   0F2F 23            [ 6] 2204 	inc	hl
   0F30 4E            [ 7] 2205 	ld	c,(hl)
   0F31 23            [ 6] 2206 	inc	hl
   0F32 46            [ 7] 2207 	ld	b,(hl)
   0F33 DD 6E FE      [19] 2208 	ld	l,-2 (ix)
   0F36 DD 66 FF      [19] 2209 	ld	h,-1 (ix)
   0F39 E5            [11] 2210 	push	hl
   0F3A C5            [11] 2211 	push	bc
   0F3B D5            [11] 2212 	push	de
   0F3C CDr07r0A      [17] 2213 	call	_fat_get_full_record
   0F3F F1            [10] 2214 	pop	af
   0F40 F1            [10] 2215 	pop	af
   0F41 F1            [10] 2216 	pop	af
                           2217 ;fat.c:447: if (resp)return resp;
   0F42 DD 75 F6      [19] 2218 	ld	-10 (ix), l
   0F45 7D            [ 4] 2219 	ld	a, l
   0F46 B7            [ 4] 2220 	or	a, a
   0F47 28 06         [12] 2221 	jr	Z,00110$
   0F49 DD 6E F6      [19] 2222 	ld	l,-10 (ix)
   0F4C C3r3Cr10      [10] 2223 	jp	00113$
   0F4F                    2224 00110$:
                           2225 ;fat.c:451: file.cluster = rec->data_clsut;
   0F4F DD 6E FE      [19] 2226 	ld	l,-2 (ix)
   0F52 DD 66 FF      [19] 2227 	ld	h,-1 (ix)
   0F55 11 DC 00      [10] 2228 	ld	de, #0x00DC
   0F58 19            [11] 2229 	add	hl, de
   0F59 7E            [ 7] 2230 	ld	a,(hl)
   0F5A DD 77 F7      [19] 2231 	ld	-9 (ix),a
   0F5D 23            [ 6] 2232 	inc	hl
   0F5E 7E            [ 7] 2233 	ld	a,(hl)
   0F5F DD 77 F8      [19] 2234 	ld	-8 (ix),a
   0F62 23            [ 6] 2235 	inc	hl
   0F63 7E            [ 7] 2236 	ld	a,(hl)
   0F64 DD 77 F9      [19] 2237 	ld	-7 (ix),a
   0F67 23            [ 6] 2238 	inc	hl
   0F68 7E            [ 7] 2239 	ld	a,(hl)
   0F69 DD 77 FA      [19] 2240 	ld	-6 (ix),a
   0F6C 11r3Ar02      [10] 2241 	ld	de,#_file
   0F6F 21 01 00      [10] 2242 	ld	hl, #0x0001
   0F72 39            [11] 2243 	add	hl, sp
   0F73 01 04 00      [10] 2244 	ld	bc, #0x0004
   0F76 ED B0         [21] 2245 	ldir
                           2246 ;fat.c:452: file.sector = fat_cluster_to_sector(file.cluster);
   0F78 DD 6E F9      [19] 2247 	ld	l,-7 (ix)
   0F7B DD 66 FA      [19] 2248 	ld	h,-6 (ix)
   0F7E E5            [11] 2249 	push	hl
   0F7F DD 6E F7      [19] 2250 	ld	l,-9 (ix)
   0F82 DD 66 F8      [19] 2251 	ld	h,-8 (ix)
   0F85 E5            [11] 2252 	push	hl
   0F86 CDr2Dr08      [17] 2253 	call	_fat_cluster_to_sector
   0F89 F1            [10] 2254 	pop	af
   0F8A F1            [10] 2255 	pop	af
   0F8B DD 72 FA      [19] 2256 	ld	-6 (ix),d
   0F8E DD 73 F9      [19] 2257 	ld	-7 (ix),e
   0F91 DD 74 F8      [19] 2258 	ld	-8 (ix),h
   0F94 DD 75 F7      [19] 2259 	ld	-9 (ix),l
   0F97 11r3Er02      [10] 2260 	ld	de,#(_file + 0x0004)
   0F9A 21 01 00      [10] 2261 	ld	hl, #0x0001
   0F9D 39            [11] 2262 	add	hl, sp
   0F9E 01 04 00      [10] 2263 	ld	bc, #0x0004
   0FA1 ED B0         [21] 2264 	ldir
                           2265 ;fat.c:453: file.in_cluster = 0;
   0FA3 21r49r02      [10] 2266 	ld	hl,#(_file + 0x000f)
   0FA6 36 00         [10] 2267 	ld	(hl),#0x00
                           2268 ;fat.c:454: file.size = rec->size;
   0FA8 DD 5E FB      [19] 2269 	ld	e,-5 (ix)
   0FAB DD 56 FC      [19] 2270 	ld	d,-4 (ix)
   0FAE 21 01 00      [10] 2271 	ld	hl, #0x0001
   0FB1 39            [11] 2272 	add	hl, sp
   0FB2 EB            [ 4] 2273 	ex	de, hl
   0FB3 01 04 00      [10] 2274 	ld	bc, #0x0004
   0FB6 ED B0         [21] 2275 	ldir
   0FB8 11r42r02      [10] 2276 	ld	de,#(_file + 0x0008)
   0FBB 21 01 00      [10] 2277 	ld	hl, #0x0001
   0FBE 39            [11] 2278 	add	hl, sp
   0FBF 01 04 00      [10] 2279 	ld	bc, #0x0004
   0FC2 ED B0         [21] 2280 	ldir
                           2281 ;fat.c:455: file.wr_slen = wr_slen ? 1 : 0;
   0FC4 DD 7E 07      [19] 2282 	ld	a,7 (ix)
   0FC7 DD B6 06      [19] 2283 	or	a,6 (ix)
   0FCA 28 06         [12] 2284 	jr	Z,00115$
   0FCC DD 36 F7 01   [19] 2285 	ld	-9 (ix),#0x01
   0FD0 18 04         [12] 2286 	jr	00116$
   0FD2                    2287 00115$:
   0FD2 DD 36 F7 00   [19] 2288 	ld	-9 (ix),#0x00
   0FD6                    2289 00116$:
   0FD6 21r48r02      [10] 2290 	ld	hl,#(_file + 0x000e)
   0FD9 DD 7E F7      [19] 2291 	ld	a,-9 (ix)
   0FDC 77            [ 7] 2292 	ld	(hl),a
                           2293 ;fat.c:456: file.sec_available = file.size / 512;
   0FDD 11r42r02      [10] 2294 	ld	de,#(_file + 0x0008)
   0FE0 21 01 00      [10] 2295 	ld	hl, #0x0001
   0FE3 39            [11] 2296 	add	hl, sp
   0FE4 EB            [ 4] 2297 	ex	de, hl
   0FE5 01 04 00      [10] 2298 	ld	bc, #0x0004
   0FE8 ED B0         [21] 2299 	ldir
   0FEA F5            [11] 2300 	push	af
   0FEB F1            [10] 2301 	pop	af
   0FEC 06 09         [ 7] 2302 	ld	b,#0x09
   0FEE                    2303 00141$:
   0FEE DD CB FA 3E   [23] 2304 	srl	-6 (ix)
   0FF2 DD CB F9 1E   [23] 2305 	rr	-7 (ix)
   0FF6 DD CB F8 1E   [23] 2306 	rr	-8 (ix)
   0FFA DD CB F7 1E   [23] 2307 	rr	-9 (ix)
   0FFE 10 EE         [13] 2308 	djnz	00141$
   1000 DD 7E F7      [19] 2309 	ld	a,-9 (ix)
   1003 DD 77 F7      [19] 2310 	ld	-9 (ix),a
   1006 DD 7E F8      [19] 2311 	ld	a,-8 (ix)
   1009 DD 77 F8      [19] 2312 	ld	-8 (ix),a
   100C 21r46r02      [10] 2313 	ld	hl,#(_file + 0x000c)
   100F DD 7E F7      [19] 2314 	ld	a,-9 (ix)
   1012 77            [ 7] 2315 	ld	(hl),a
   1013 23            [ 6] 2316 	inc	hl
   1014 DD 7E F8      [19] 2317 	ld	a,-8 (ix)
   1017 77            [ 7] 2318 	ld	(hl),a
                           2319 ;fat.c:457: if ((file.size & 511) != 0)file.sec_available++;
   1018 11r42r02      [10] 2320 	ld	de,#(_file + 0x0008)
   101B 21 01 00      [10] 2321 	ld	hl, #0x0001
   101E 39            [11] 2322 	add	hl, sp
   101F EB            [ 4] 2323 	ex	de, hl
   1020 01 04 00      [10] 2324 	ld	bc, #0x0004
   1023 ED B0         [21] 2325 	ldir
   1025 DD 7E F7      [19] 2326 	ld	a,-9 (ix)
   1028 B7            [ 4] 2327 	or	a, a
   1029 20 06         [12] 2328 	jr	NZ,00143$
   102B DD CB F8 46   [20] 2329 	bit	0, -8 (ix)
   102F 28 09         [12] 2330 	jr	Z,00112$
   1031                    2331 00143$:
   1031 ED 5Br46r02   [20] 2332 	ld	de, (#(_file + 0x000c) + 0)
   1035 13            [ 6] 2333 	inc	de
   1036 ED 53r46r02   [20] 2334 	ld	((_file + 0x000c)), de
   103A                    2335 00112$:
                           2336 ;fat.c:460: return 0;
   103A 2E 00         [ 7] 2337 	ld	l,#0x00
   103C                    2338 00113$:
   103C DD F9         [10] 2339 	ld	sp,ix
   103E DD E1         [14] 2340 	pop	ix
   1040 C9            [10] 2341 	ret
   1041                    2342 _fat_open_file_end::
                           2343 ;fat.c:463: u8 fat_skip_sectors(u16 slen) {
                           2344 ;	---------------------------------
                           2345 ; Function fat_skip_sectors
                           2346 ; ---------------------------------
   1041                    2347 _fat_skip_sectors_start::
   1041                    2348 _fat_skip_sectors:
   1041 DD E5         [15] 2349 	push	ix
   1043 DD 21 00 00   [14] 2350 	ld	ix,#0
   1047 DD 39         [15] 2351 	add	ix,sp
   1049 F5            [11] 2352 	push	af
                           2353 ;fat.c:466: if (file.sec_available < slen)return FAT_ERR_OUT_OF_FILE;
   104A 21r46r02      [10] 2354 	ld	hl, #(_file + 0x000c) + 0
   104D 7E            [ 7] 2355 	ld	a,(hl)
   104E DD 77 FE      [19] 2356 	ld	-2 (ix),a
   1051 23            [ 6] 2357 	inc	hl
   1052 7E            [ 7] 2358 	ld	a,(hl)
   1053 DD 77 FF      [19] 2359 	ld	-1 (ix),a
   1056 DD 7E FE      [19] 2360 	ld	a,-2 (ix)
   1059 DD 96 04      [19] 2361 	sub	a, 4 (ix)
   105C DD 7E FF      [19] 2362 	ld	a,-1 (ix)
   105F DD 9E 05      [19] 2363 	sbc	a, 5 (ix)
   1062 30 05         [12] 2364 	jr	NC,00102$
   1064 2E F3         [ 7] 2365 	ld	l,#0xF3
   1066 C3rE9r10      [10] 2366 	jp	00110$
   1069                    2367 00102$:
                           2368 ;fat.c:467: file.sec_available -= slen;
   1069 DD 7E FE      [19] 2369 	ld	a,-2 (ix)
   106C DD 96 04      [19] 2370 	sub	a, 4 (ix)
   106F 5F            [ 4] 2371 	ld	e,a
   1070 DD 7E FF      [19] 2372 	ld	a,-1 (ix)
   1073 DD 9E 05      [19] 2373 	sbc	a, 5 (ix)
   1076 57            [ 4] 2374 	ld	d,a
   1077 ED 53r46r02   [20] 2375 	ld	((_file + 0x000c)), de
                           2376 ;fat.c:469: while (slen) {
   107B DD 7E 04      [19] 2377 	ld	a,4 (ix)
   107E DD 77 FE      [19] 2378 	ld	-2 (ix),a
   1081 DD 7E 05      [19] 2379 	ld	a,5 (ix)
   1084 DD 77 FF      [19] 2380 	ld	-1 (ix),a
   1087                    2381 00107$:
   1087 DD 7E FF      [19] 2382 	ld	a,-1 (ix)
   108A DD B6 FE      [19] 2383 	or	a,-2 (ix)
   108D 28 58         [12] 2384 	jr	Z,00109$
                           2385 ;fat.c:471: file.sector++;
   108F ED 5Br3Er02   [20] 2386 	ld	de, (#(_file + 0x0004) + 0)
   1093 ED 4Br40r02   [20] 2387 	ld	bc, (#(_file + 0x0004) + 2)
   1097 1C            [ 4] 2388 	inc	e
   1098 20 07         [12] 2389 	jr	NZ,00127$
   109A 14            [ 4] 2390 	inc	d
   109B 20 04         [12] 2391 	jr	NZ,00127$
   109D 0C            [ 4] 2392 	inc	c
   109E 20 01         [12] 2393 	jr	NZ,00127$
   10A0 04            [ 4] 2394 	inc	b
   10A1                    2395 00127$:
   10A1 ED 53r3Er02   [20] 2396 	ld	((_file + 0x0004)), de
   10A5 ED 43r40r02   [20] 2397 	ld	((_file + 0x0004) + 2), bc
                           2398 ;fat.c:472: file.in_cluster++;
   10A9 11r49r02      [10] 2399 	ld	de,#_file + 15
   10AC 1A            [ 7] 2400 	ld	a,(de)
   10AD 47            [ 4] 2401 	ld	b,a
   10AE 04            [ 4] 2402 	inc	b
   10AF 78            [ 4] 2403 	ld	a,b
   10B0 12            [ 7] 2404 	ld	(de),a
                           2405 ;fat.c:473: slen--;
   10B1 E1            [10] 2406 	pop	hl
   10B2 E5            [11] 2407 	push	hl
   10B3 2B            [ 6] 2408 	dec	hl
   10B4 E3            [19] 2409 	ex	(sp), hl
                           2410 ;fat.c:475: if (file.in_cluster == fat_cluster_size) {
   10B5 FD 21r22r00   [14] 2411 	ld	iy,#_fat_cluster_size
   10B9 FD 7E 00      [19] 2412 	ld	a,0 (iy)
   10BC 90            [ 4] 2413 	sub	a, b
   10BD 20 C8         [12] 2414 	jr	NZ,00107$
                           2415 ;fat.c:476: file.in_cluster = 0;
   10BF AF            [ 4] 2416 	xor	a, a
   10C0 12            [ 7] 2417 	ld	(de),a
                           2418 ;fat.c:477: resp = fat_get_next_cluster(&file.cluster);
   10C1 21r3Ar02      [10] 2419 	ld	hl,#_file
   10C4 E5            [11] 2420 	push	hl
   10C5 CDrE6r09      [17] 2421 	call	_fat_get_next_cluster
   10C8 F1            [10] 2422 	pop	af
                           2423 ;fat.c:478: if (resp)return resp;
   10C9 7D            [ 4] 2424 	ld	a,l
   10CA B7            [ 4] 2425 	or	a, a
   10CB 20 1C         [12] 2426 	jr	NZ,00110$
                           2427 ;fat.c:479: file.sector = fat_cluster_to_sector(file.cluster);
   10CD 2Ar3Ar02      [16] 2428 	ld	hl, (#_file + 0)
   10D0 ED 5Br3Cr02   [20] 2429 	ld	de, (#_file + 2)
   10D4 D5            [11] 2430 	push	de
   10D5 E5            [11] 2431 	push	hl
   10D6 CDr2Dr08      [17] 2432 	call	_fat_cluster_to_sector
   10D9 F1            [10] 2433 	pop	af
   10DA F1            [10] 2434 	pop	af
   10DB 4D            [ 4] 2435 	ld	c,l
   10DC 44            [ 4] 2436 	ld	b,h
   10DD ED 43r3Er02   [20] 2437 	ld	((_file + 0x0004)), bc
   10E1 ED 53r40r02   [20] 2438 	ld	((_file + 0x0004) + 2), de
   10E5 18 A0         [12] 2439 	jr	00107$
   10E7                    2440 00109$:
                           2441 ;fat.c:484: return 0;
   10E7 2E 00         [ 7] 2442 	ld	l,#0x00
   10E9                    2443 00110$:
   10E9 DD F9         [10] 2444 	ld	sp,ix
   10EB DD E1         [14] 2445 	pop	ix
   10ED C9            [10] 2446 	ret
   10EE                    2447 _fat_skip_sectors_end::
                           2448 ;fat.c:487: u8 fat_read(u8 *dst, u16 slen, u8 memory) {
                           2449 ;	---------------------------------
                           2450 ; Function fat_read
                           2451 ; ---------------------------------
   10EE                    2452 _fat_read_start::
   10EE                    2453 _fat_read:
   10EE DD E5         [15] 2454 	push	ix
   10F0 DD 21 00 00   [14] 2455 	ld	ix,#0
   10F4 DD 39         [15] 2456 	add	ix,sp
   10F6 21 F7 FF      [10] 2457 	ld	hl,#-9
   10F9 39            [11] 2458 	add	hl,sp
   10FA F9            [ 6] 2459 	ld	sp,hl
                           2460 ;fat.c:491: if (file.wr_slen)return FAT_ERR_FILE_MODE1;
   10FB 21r48r02      [10] 2461 	ld	hl, #_file + 14
   10FE 4E            [ 7] 2462 	ld	c,(hl)
   10FF 79            [ 4] 2463 	ld	a,c
   1100 B7            [ 4] 2464 	or	a, a
   1101 28 05         [12] 2465 	jr	Z,00102$
   1103 2E F7         [ 7] 2466 	ld	l,#0xF7
   1105 C3rC6r12      [10] 2467 	jp	00125$
   1108                    2468 00102$:
                           2469 ;fat.c:492: if (file.sec_available < slen)return FAT_ERR_OUT_OF_FILE;
   1108 2Ar46r02      [16] 2470 	ld	hl, (#(_file + 0x000c) + 0)
   110B 7D            [ 4] 2471 	ld	a,l
   110C DD 96 06      [19] 2472 	sub	a, 6 (ix)
   110F 7C            [ 4] 2473 	ld	a,h
   1110 DD 9E 07      [19] 2474 	sbc	a, 7 (ix)
   1113 30 05         [12] 2475 	jr	NC,00104$
   1115 2E F3         [ 7] 2476 	ld	l,#0xF3
   1117 C3rC6r12      [10] 2477 	jp	00125$
   111A                    2478 00104$:
                           2479 ;fat.c:493: file.sec_available -= slen;
   111A 7D            [ 4] 2480 	ld	a,l
   111B DD 96 06      [19] 2481 	sub	a, 6 (ix)
   111E 5F            [ 4] 2482 	ld	e,a
   111F 7C            [ 4] 2483 	ld	a,h
   1120 DD 9E 07      [19] 2484 	sbc	a, 7 (ix)
   1123 57            [ 4] 2485 	ld	d,a
   1124 ED 53r46r02   [20] 2486 	ld	((_file + 0x000c)), de
                           2487 ;fat.c:495: while (slen) {
   1128                    2488 00122$:
   1128 DD 7E 07      [19] 2489 	ld	a,7 (ix)
   112B DD B6 06      [19] 2490 	or	a,6 (ix)
   112E CArC4r12      [10] 2491 	jp	Z,00124$
                           2492 ;fat.c:498: if (file.in_cluster == 0) {
   1131 21r49r02      [10] 2493 	ld	hl, #(_file + 0x000f) + 0
   1134 4E            [ 7] 2494 	ld	c,(hl)
                           2495 ;fat.c:499: len = slen > fat_cluster_size ? fat_cluster_size : slen;
   1135 DD 5E 06      [19] 2496 	ld	e,6 (ix)
   1138 DD 56 07      [19] 2497 	ld	d,7 (ix)
                           2498 ;fat.c:498: if (file.in_cluster == 0) {
   113B 79            [ 4] 2499 	ld	a,c
   113C B7            [ 4] 2500 	or	a, a
   113D 20 1F         [12] 2501 	jr	NZ,00108$
                           2502 ;fat.c:499: len = slen > fat_cluster_size ? fat_cluster_size : slen;
   113F FD 21r22r00   [14] 2503 	ld	iy,#_fat_cluster_size
   1143 FD 4E 00      [19] 2504 	ld	c,0 (iy)
   1146 26 00         [ 7] 2505 	ld	h,#0x00
   1148 79            [ 4] 2506 	ld	a,c
   1149 DD 96 06      [19] 2507 	sub	a, 6 (ix)
   114C 7C            [ 4] 2508 	ld	a,h
   114D DD 9E 07      [19] 2509 	sbc	a, 7 (ix)
   1150 30 03         [12] 2510 	jr	NC,00127$
   1152 59            [ 4] 2511 	ld	e,c
   1153 18 01         [12] 2512 	jr	00128$
   1155                    2513 00127$:
   1155 62            [ 4] 2514 	ld	h,d
   1156                    2515 00128$:
   1156 DD 73 F8      [19] 2516 	ld	-8 (ix),e
   1159 DD 74 F9      [19] 2517 	ld	-7 (ix),h
   115C 18 28         [12] 2518 	jr	00109$
   115E                    2519 00108$:
                           2520 ;fat.c:501: len = fat_cluster_size - file.in_cluster;
   115E FD 21r22r00   [14] 2521 	ld	iy,#_fat_cluster_size
   1162 FD 6E 00      [19] 2522 	ld	l,0 (iy)
   1165 26 00         [ 7] 2523 	ld	h,#0x00
   1167 06 00         [ 7] 2524 	ld	b,#0x00
   1169 BF            [ 4] 2525 	cp	a, a
   116A ED 42         [15] 2526 	sbc	hl, bc
   116C DD 75 F8      [19] 2527 	ld	-8 (ix),l
   116F DD 74 F9      [19] 2528 	ld	-7 (ix),h
                           2529 ;fat.c:502: if (len > slen)len = slen;
   1172 DD 7E 06      [19] 2530 	ld	a,6 (ix)
   1175 DD 96 F8      [19] 2531 	sub	a, -8 (ix)
   1178 DD 7E 07      [19] 2532 	ld	a,7 (ix)
   117B DD 9E F9      [19] 2533 	sbc	a, -7 (ix)
   117E 30 06         [12] 2534 	jr	NC,00109$
   1180 DD 73 F8      [19] 2535 	ld	-8 (ix),e
   1183 DD 72 F9      [19] 2536 	ld	-7 (ix),d
   1186                    2537 00109$:
                           2538 ;fat.c:506: resp = diskReadToRom(file.sector, dst, len);
   1186 DD 7E 04      [19] 2539 	ld	a,4 (ix)
   1189 DD 77 FE      [19] 2540 	ld	-2 (ix),a
   118C DD 7E 05      [19] 2541 	ld	a,5 (ix)
   118F DD 77 FF      [19] 2542 	ld	-1 (ix),a
   1192 11r3Er02      [10] 2543 	ld	de,#(_file + 0x0004)
   1195 21 03 00      [10] 2544 	ld	hl, #0x0003
   1198 39            [11] 2545 	add	hl, sp
   1199 EB            [ 4] 2546 	ex	de, hl
   119A 01 04 00      [10] 2547 	ld	bc, #0x0004
   119D ED B0         [21] 2548 	ldir
                           2549 ;fat.c:505: if (memory == ROM) {
   119F DD 7E 08      [19] 2550 	ld	a,8 (ix)
   11A2 B7            [ 4] 2551 	or	a, a
   11A3 20 40         [12] 2552 	jr	NZ,00111$
                           2553 ;fat.c:506: resp = diskReadToRom(file.sector, dst, len);
   11A5 DD 6E F8      [19] 2554 	ld	l,-8 (ix)
   11A8 DD 66 F9      [19] 2555 	ld	h,-7 (ix)
   11AB E5            [11] 2556 	push	hl
   11AC DD 6E FE      [19] 2557 	ld	l,-2 (ix)
   11AF DD 66 FF      [19] 2558 	ld	h,-1 (ix)
   11B2 E5            [11] 2559 	push	hl
   11B3 DD 6E FC      [19] 2560 	ld	l,-4 (ix)
   11B6 DD 66 FD      [19] 2561 	ld	h,-3 (ix)
   11B9 E5            [11] 2562 	push	hl
   11BA DD 6E FA      [19] 2563 	ld	l,-6 (ix)
   11BD DD 66 FB      [19] 2564 	ld	h,-5 (ix)
   11C0 E5            [11] 2565 	push	hl
   11C1 CDr00r00      [17] 2566 	call	_diskReadToRom
   11C4 F1            [10] 2567 	pop	af
   11C5 F1            [10] 2568 	pop	af
   11C6 F1            [10] 2569 	pop	af
   11C7 F1            [10] 2570 	pop	af
   11C8 DD 75 F7      [19] 2571 	ld	-9 (ix),l
                           2572 ;fat.c:507: *((u16 *) dst) = *((u16 *) dst) + len;
   11CB DD 6E 04      [19] 2573 	ld	l,4 (ix)
   11CE DD 66 05      [19] 2574 	ld	h,5 (ix)
   11D1 E5            [11] 2575 	push	hl
   11D2 5E            [ 7] 2576 	ld	e,(hl)
   11D3 23            [ 6] 2577 	inc	hl
   11D4 46            [ 7] 2578 	ld	b,(hl)
   11D5 E1            [10] 2579 	pop	hl
   11D6 DD 7E F8      [19] 2580 	ld	a,-8 (ix)
   11D9 83            [ 4] 2581 	add	a, e
   11DA 57            [ 4] 2582 	ld	d,a
   11DB DD 7E F9      [19] 2583 	ld	a,-7 (ix)
   11DE 88            [ 4] 2584 	adc	a, b
   11DF 5F            [ 4] 2585 	ld	e,a
   11E0 72            [ 7] 2586 	ld	(hl),d
   11E1 23            [ 6] 2587 	inc	hl
   11E2 73            [ 7] 2588 	ld	(hl),e
   11E3 18 3B         [12] 2589 	jr	00112$
   11E5                    2590 00111$:
                           2591 ;fat.c:509: resp = diskReadToRam(file.sector, dst, len);
   11E5 DD 6E F8      [19] 2592 	ld	l,-8 (ix)
   11E8 DD 66 F9      [19] 2593 	ld	h,-7 (ix)
   11EB E5            [11] 2594 	push	hl
   11EC DD 6E FE      [19] 2595 	ld	l,-2 (ix)
   11EF DD 66 FF      [19] 2596 	ld	h,-1 (ix)
   11F2 E5            [11] 2597 	push	hl
   11F3 DD 6E FC      [19] 2598 	ld	l,-4 (ix)
   11F6 DD 66 FD      [19] 2599 	ld	h,-3 (ix)
   11F9 E5            [11] 2600 	push	hl
   11FA DD 6E FA      [19] 2601 	ld	l,-6 (ix)
   11FD DD 66 FB      [19] 2602 	ld	h,-5 (ix)
   1200 E5            [11] 2603 	push	hl
   1201 CDr00r00      [17] 2604 	call	_diskReadToRam
   1204 F1            [10] 2605 	pop	af
   1205 F1            [10] 2606 	pop	af
   1206 F1            [10] 2607 	pop	af
   1207 F1            [10] 2608 	pop	af
   1208 DD 75 F7      [19] 2609 	ld	-9 (ix),l
                           2610 ;fat.c:510: dst += len * 512;
   120B DD 7E F8      [19] 2611 	ld	a,-8 (ix)
   120E 87            [ 4] 2612 	add	a, a
   120F 6F            [ 4] 2613 	ld	l,a
   1210 26 00         [ 7] 2614 	ld	h,#0x00
   1212 DD 7E 04      [19] 2615 	ld	a,4 (ix)
   1215 84            [ 4] 2616 	add	a, h
   1216 DD 77 04      [19] 2617 	ld	4 (ix),a
   1219 DD 7E 05      [19] 2618 	ld	a,5 (ix)
   121C 8D            [ 4] 2619 	adc	a, l
   121D DD 77 05      [19] 2620 	ld	5 (ix),a
   1220                    2621 00112$:
                           2622 ;fat.c:512: if (resp)return resp;
   1220 DD 7E F7      [19] 2623 	ld	a,-9 (ix)
   1223 B7            [ 4] 2624 	or	a, a
   1224 28 06         [12] 2625 	jr	Z,00114$
   1226 DD 6E F7      [19] 2626 	ld	l,-9 (ix)
   1229 C3rC6r12      [10] 2627 	jp	00125$
   122C                    2628 00114$:
                           2629 ;fat.c:514: file.in_cluster += len;
   122C 21r49r02      [10] 2630 	ld	hl, #(_file + 0x000f) + 0
   122F 66            [ 7] 2631 	ld	h,(hl)
   1230 DD 6E F8      [19] 2632 	ld	l,-8 (ix)
   1233 7C            [ 4] 2633 	ld	a,h
   1234 85            [ 4] 2634 	add	a, l
   1235 57            [ 4] 2635 	ld	d,a
   1236 21r49r02      [10] 2636 	ld	hl,#(_file + 0x000f)
   1239 72            [ 7] 2637 	ld	(hl),d
                           2638 ;fat.c:516: slen -= len;
   123A DD 7E 06      [19] 2639 	ld	a,6 (ix)
   123D DD 96 F8      [19] 2640 	sub	a, -8 (ix)
   1240 DD 77 06      [19] 2641 	ld	6 (ix),a
   1243 DD 7E 07      [19] 2642 	ld	a,7 (ix)
   1246 DD 9E F9      [19] 2643 	sbc	a, -7 (ix)
   1249 DD 77 07      [19] 2644 	ld	7 (ix),a
                           2645 ;fat.c:518: if (file.in_cluster == fat_cluster_size) {
   124C FD 21r22r00   [14] 2646 	ld	iy,#_fat_cluster_size
   1250 FD 7E 00      [19] 2647 	ld	a,0 (iy)
                           2648 ;fat.c:519: file.in_cluster = 0;
   1253 92            [ 4] 2649 	sub	a,d
   1254 20 39         [12] 2650 	jr	NZ,00120$
   1256 77            [ 7] 2651 	ld	(hl),a
                           2652 ;fat.c:520: resp = fat_get_next_cluster(&file.cluster);
   1257 21r3Ar02      [10] 2653 	ld	hl,#_file
   125A E5            [11] 2654 	push	hl
   125B CDrE6r09      [17] 2655 	call	_fat_get_next_cluster
   125E F1            [10] 2656 	pop	af
                           2657 ;fat.c:521: if (resp)return resp;
   125F DD 75 F7      [19] 2658 	ld	-9 (ix), l
   1262 7D            [ 4] 2659 	ld	a, l
   1263 B7            [ 4] 2660 	or	a, a
   1264 28 05         [12] 2661 	jr	Z,00116$
   1266 DD 6E F7      [19] 2662 	ld	l,-9 (ix)
   1269 18 5B         [12] 2663 	jr	00125$
   126B                    2664 00116$:
                           2665 ;fat.c:522: file.sector = fat_cluster_to_sector(file.cluster);
   126B 2Ar3Ar02      [16] 2666 	ld	hl, (#_file + 0)
   126E ED 5Br3Cr02   [20] 2667 	ld	de, (#_file + 2)
   1272 D5            [11] 2668 	push	de
   1273 E5            [11] 2669 	push	hl
   1274 CDr2Dr08      [17] 2670 	call	_fat_cluster_to_sector
   1277 F1            [10] 2671 	pop	af
   1278 F1            [10] 2672 	pop	af
   1279 4D            [ 4] 2673 	ld	c,l
   127A 44            [ 4] 2674 	ld	b,h
   127B ED 43r3Er02   [20] 2675 	ld	((_file + 0x0004)), bc
   127F ED 53r40r02   [20] 2676 	ld	((_file + 0x0004) + 2), de
                           2677 ;fat.c:523: if (resp)return resp;
   1283 DD 7E F7      [19] 2678 	ld	a,-9 (ix)
   1286 B7            [ 4] 2679 	or	a, a
   1287 CAr28r11      [10] 2680 	jp	Z,00122$
   128A DD 6E F7      [19] 2681 	ld	l,-9 (ix)
   128D 18 37         [12] 2682 	jr	00125$
   128F                    2683 00120$:
                           2684 ;fat.c:525: file.sector += len;
   128F 11r3Er02      [10] 2685 	ld	de,#(_file + 0x0004)
   1292 21 03 00      [10] 2686 	ld	hl, #0x0003
   1295 39            [11] 2687 	add	hl, sp
   1296 EB            [ 4] 2688 	ex	de, hl
   1297 01 04 00      [10] 2689 	ld	bc, #0x0004
   129A ED B0         [21] 2690 	ldir
   129C DD 6E F8      [19] 2691 	ld	l,-8 (ix)
   129F DD 66 F9      [19] 2692 	ld	h,-7 (ix)
   12A2 11 00 00      [10] 2693 	ld	de,#0x0000
   12A5 DD 7E FA      [19] 2694 	ld	a,-6 (ix)
   12A8 85            [ 4] 2695 	add	a, l
   12A9 4F            [ 4] 2696 	ld	c,a
   12AA DD 7E FB      [19] 2697 	ld	a,-5 (ix)
   12AD 8C            [ 4] 2698 	adc	a, h
   12AE 47            [ 4] 2699 	ld	b,a
   12AF DD 7E FC      [19] 2700 	ld	a,-4 (ix)
   12B2 8B            [ 4] 2701 	adc	a, e
   12B3 5F            [ 4] 2702 	ld	e,a
   12B4 DD 7E FD      [19] 2703 	ld	a,-3 (ix)
   12B7 8A            [ 4] 2704 	adc	a, d
   12B8 57            [ 4] 2705 	ld	d,a
   12B9 ED 43r3Er02   [20] 2706 	ld	((_file + 0x0004)), bc
   12BD ED 53r40r02   [20] 2707 	ld	((_file + 0x0004) + 2), de
   12C1 C3r28r11      [10] 2708 	jp	00122$
   12C4                    2709 00124$:
                           2710 ;fat.c:529: return 0;
   12C4 2E 00         [ 7] 2711 	ld	l,#0x00
   12C6                    2712 00125$:
   12C6 DD F9         [10] 2713 	ld	sp,ix
   12C8 DD E1         [14] 2714 	pop	ix
   12CA C9            [10] 2715 	ret
   12CB                    2716 _fat_read_end::
                           2717 ;fat.c:532: void fat_make_path_name(u8 *dst, u8 *dir, u8 *filename) {
                           2718 ;	---------------------------------
                           2719 ; Function fat_make_path_name
                           2720 ; ---------------------------------
   12CB                    2721 _fat_make_path_name_start::
   12CB                    2722 _fat_make_path_name:
   12CB DD E5         [15] 2723 	push	ix
   12CD DD 21 00 00   [14] 2724 	ld	ix,#0
   12D1 DD 39         [15] 2725 	add	ix,sp
                           2726 ;fat.c:534: dst[0] = 0;
   12D3 DD 5E 04      [19] 2727 	ld	e,4 (ix)
   12D6 DD 56 05      [19] 2728 	ld	d,5 (ix)
   12D9 AF            [ 4] 2729 	xor	a, a
   12DA 12            [ 7] 2730 	ld	(de),a
                           2731 ;fat.c:535: str_append(dst, dir);
   12DB D5            [11] 2732 	push	de
   12DC DD 6E 06      [19] 2733 	ld	l,6 (ix)
   12DF DD 66 07      [19] 2734 	ld	h,7 (ix)
   12E2 E5            [11] 2735 	push	hl
   12E3 D5            [11] 2736 	push	de
   12E4 CDr00r00      [17] 2737 	call	_str_append
   12E7 F1            [10] 2738 	pop	af
   12E8 F1            [10] 2739 	pop	af
   12E9 DD 6E 06      [19] 2740 	ld	l,6 (ix)
   12EC DD 66 07      [19] 2741 	ld	h,7 (ix)
   12EF E5            [11] 2742 	push	hl
   12F0 CDr00r00      [17] 2743 	call	_str_length
   12F3 F1            [10] 2744 	pop	af
   12F4 D1            [10] 2745 	pop	de
   12F5 2D            [ 4] 2746 	dec	l
   12F6 28 0C         [12] 2747 	jr	Z,00102$
   12F8 21r14r13      [10] 2748 	ld	hl,#__str_2
   12FB D5            [11] 2749 	push	de
   12FC E5            [11] 2750 	push	hl
   12FD D5            [11] 2751 	push	de
   12FE CDr00r00      [17] 2752 	call	_str_append
   1301 F1            [10] 2753 	pop	af
   1302 F1            [10] 2754 	pop	af
   1303 D1            [10] 2755 	pop	de
   1304                    2756 00102$:
                           2757 ;fat.c:537: str_append(dst, filename);
   1304 DD 6E 08      [19] 2758 	ld	l,8 (ix)
   1307 DD 66 09      [19] 2759 	ld	h,9 (ix)
   130A E5            [11] 2760 	push	hl
   130B D5            [11] 2761 	push	de
   130C CDr00r00      [17] 2762 	call	_str_append
   130F F1            [10] 2763 	pop	af
   1310 F1            [10] 2764 	pop	af
   1311 DD E1         [14] 2765 	pop	ix
   1313 C9            [10] 2766 	ret
   1314                    2767 _fat_make_path_name_end::
   1314                    2768 __str_2:
   1314 2F                 2769 	.ascii "/"
   1315 00                 2770 	.db 0x00
                           2771 ;fat.c:540: void fat_make_sync_name(u8 *dir, u8 *filename, u8 *ext, u8 *dst) {
                           2772 ;	---------------------------------
                           2773 ; Function fat_make_sync_name
                           2774 ; ---------------------------------
   1316                    2775 _fat_make_sync_name_start::
   1316                    2776 _fat_make_sync_name:
   1316 DD E5         [15] 2777 	push	ix
   1318 DD 21 00 00   [14] 2778 	ld	ix,#0
   131C DD 39         [15] 2779 	add	ix,sp
   131E 3B            [ 6] 2780 	dec	sp
                           2781 ;fat.c:542: u8 ext_exist = 0;
   131F DD 36 FF 00   [19] 2782 	ld	-1 (ix),#0x00
                           2783 ;fat.c:544: dst[0] = 0;
   1323 DD 4E 0A      [19] 2784 	ld	c,10 (ix)
   1326 DD 56 0B      [19] 2785 	ld	d,11 (ix)
   1329 59            [ 4] 2786 	ld	e,c
   132A 42            [ 4] 2787 	ld	b,d
   132B 69            [ 4] 2788 	ld	l, c
   132C 62            [ 4] 2789 	ld	h, d
   132D 36 00         [10] 2790 	ld	(hl),#0x00
                           2791 ;fat.c:546: fat_make_path_name(dst, dir, filename);
   132F C5            [11] 2792 	push	bc
   1330 D5            [11] 2793 	push	de
   1331 DD 6E 06      [19] 2794 	ld	l,6 (ix)
   1334 DD 66 07      [19] 2795 	ld	h,7 (ix)
   1337 E5            [11] 2796 	push	hl
   1338 DD 6E 04      [19] 2797 	ld	l,4 (ix)
   133B DD 66 05      [19] 2798 	ld	h,5 (ix)
   133E E5            [11] 2799 	push	hl
   133F 59            [ 4] 2800 	ld	e,c
   1340 D5            [11] 2801 	push	de
   1341 CDrCBr12      [17] 2802 	call	_fat_make_path_name
   1344 21 06 00      [10] 2803 	ld	hl,#0x0006
   1347 39            [11] 2804 	add	hl,sp
   1348 F9            [ 6] 2805 	ld	sp,hl
   1349 D1            [10] 2806 	pop	de
   134A C1            [10] 2807 	pop	bc
                           2808 ;fat.c:549: while (*ptr != 0) {
   134B                    2809 00103$:
   134B 69            [ 4] 2810 	ld	l, c
   134C 62            [ 4] 2811 	ld	h, d
   134D 7E            [ 7] 2812 	ld	a,(hl)
   134E B7            [ 4] 2813 	or	a, a
   134F 28 0E         [12] 2814 	jr	Z,00121$
                           2815 ;fat.c:550: if (*ptr == (u8) '.')ext_exist = 1;
   1351 D6 2E         [ 7] 2816 	sub	a, #0x2E
   1353 20 04         [12] 2817 	jr	NZ,00102$
   1355 DD 36 FF 01   [19] 2818 	ld	-1 (ix),#0x01
   1359                    2819 00102$:
                           2820 ;fat.c:551: ptr++;
   1359 0C            [ 4] 2821 	inc	c
   135A 20 EF         [12] 2822 	jr	NZ,00103$
   135C 14            [ 4] 2823 	inc	d
   135D 18 EC         [12] 2824 	jr	00103$
   135F                    2825 00121$:
   135F E5            [11] 2826 	push	hl
   1360 69            [ 4] 2827 	ld	l,c
   1361 62            [ 4] 2828 	ld	h,d
   1362 E5            [11] 2829 	push	hl
   1363 FD E1         [14] 2830 	pop	iy
   1365 E1            [10] 2831 	pop	hl
                           2832 ;fat.c:554: if (ext_exist) {
   1366 DD 7E FF      [19] 2833 	ld	a,-1 (ix)
   1369 B7            [ 4] 2834 	or	a, a
   136A 28 12         [12] 2835 	jr	Z,00110$
                           2836 ;fat.c:555: while (*ptr != (u8) '.')ptr--;
   136C E5            [11] 2837 	push	hl
   136D 69            [ 4] 2838 	ld	l,c
   136E 62            [ 4] 2839 	ld	h,d
   136F E5            [11] 2840 	push	hl
   1370 FD E1         [14] 2841 	pop	iy
   1372 E1            [10] 2842 	pop	hl
   1373                    2843 00106$:
   1373 FD 7E 00      [19] 2844 	ld	a, 0 (iy)
   1376 D6 2E         [ 7] 2845 	sub	a, #0x2E
   1378 28 04         [12] 2846 	jr	Z,00122$
   137A FD 2B         [10] 2847 	dec	iy
   137C 18 F5         [12] 2848 	jr	00106$
   137E                    2849 00122$:
   137E                    2850 00110$:
                           2851 ;fat.c:558: if (*ext != (u8) '.')*ptr++ = (u8) '.';
   137E DD 6E 08      [19] 2852 	ld	l,8 (ix)
   1381 DD 66 09      [19] 2853 	ld	h,9 (ix)
   1384 7E            [ 7] 2854 	ld	a,(hl)
   1385 D6 2E         [ 7] 2855 	sub	a, #0x2E
   1387 28 06         [12] 2856 	jr	Z,00112$
   1389 FD 36 00 2E   [19] 2857 	ld	0 (iy), #0x2E
   138D FD 23         [10] 2858 	inc	iy
   138F                    2859 00112$:
                           2860 ;fat.c:559: *ptr = 0;
   138F FD 36 00 00   [19] 2861 	ld	0 (iy), #0x00
                           2862 ;fat.c:561: str_append(dst, ext);
   1393 E5            [11] 2863 	push	hl
   1394 4B            [ 4] 2864 	ld	c,e
   1395 C5            [11] 2865 	push	bc
   1396 CDr00r00      [17] 2866 	call	_str_append
   1399 F1            [10] 2867 	pop	af
   139A F1            [10] 2868 	pop	af
   139B 33            [ 6] 2869 	inc	sp
   139C DD E1         [14] 2870 	pop	ix
   139E C9            [10] 2871 	ret
   139F                    2872 _fat_make_sync_name_end::
                           2873 ;fat.c:565: u8 fat_open_file_by_name(u8 *name, FatFullRecord *rec, u16 wr_slen) {
                           2874 ;	---------------------------------
                           2875 ; Function fat_open_file_by_name
                           2876 ; ---------------------------------
   139F                    2877 _fat_open_file_by_name_start::
   139F                    2878 _fat_open_file_by_name:
   139F DD E5         [15] 2879 	push	ix
   13A1 DD 21 00 00   [14] 2880 	ld	ix,#0
   13A5 DD 39         [15] 2881 	add	ix,sp
   13A7 F5            [11] 2882 	push	af
   13A8 F5            [11] 2883 	push	af
                           2884 ;fat.c:570: resp = fat_seek_record(name, rec, &file_root, 0);
   13A9 21 00 00      [10] 2885 	ld	hl,#0x0000
   13AC 39            [11] 2886 	add	hl,sp
   13AD 4D            [ 4] 2887 	ld	c,l
   13AE 44            [ 4] 2888 	ld	b,h
   13AF C5            [11] 2889 	push	bc
   13B0 FD E1         [14] 2890 	pop	iy
   13B2 C5            [11] 2891 	push	bc
   13B3 D5            [11] 2892 	push	de
   13B4 AF            [ 4] 2893 	xor	a, a
   13B5 F5            [11] 2894 	push	af
   13B6 33            [ 6] 2895 	inc	sp
   13B7 FD E5         [15] 2896 	push	iy
   13B9 DD 6E 06      [19] 2897 	ld	l,6 (ix)
   13BC DD 66 07      [19] 2898 	ld	h,7 (ix)
   13BF E5            [11] 2899 	push	hl
   13C0 DD 6E 04      [19] 2900 	ld	l,4 (ix)
   13C3 DD 66 05      [19] 2901 	ld	h,5 (ix)
   13C6 E5            [11] 2902 	push	hl
   13C7 CDr74r14      [17] 2903 	call	_fat_seek_record
   13CA F1            [10] 2904 	pop	af
   13CB F1            [10] 2905 	pop	af
   13CC F1            [10] 2906 	pop	af
   13CD 33            [ 6] 2907 	inc	sp
   13CE D1            [10] 2908 	pop	de
   13CF C1            [10] 2909 	pop	bc
   13D0 5D            [ 4] 2910 	ld	e,l
                           2911 ;fat.c:571: if (resp == FAT_ERR_NOT_EXIST) {
   13D1 7B            [ 4] 2912 	ld	a,e
   13D2 D6 F0         [ 7] 2913 	sub	a, #0xF0
   13D4 C2r5Ar14      [10] 2914 	jp	NZ,00110$
                           2915 ;fat.c:572: if (wr_slen == 0)return FAT_ERR_NOT_EXIST;
   13D7 DD 7E 09      [19] 2916 	ld	a,9 (ix)
   13DA DD B6 08      [19] 2917 	or	a,8 (ix)
   13DD 20 05         [12] 2918 	jr	NZ,00102$
   13DF 2E F0         [ 7] 2919 	ld	l,#0xF0
   13E1 C3r6Fr14      [10] 2920 	jp	00111$
   13E4                    2921 00102$:
                           2922 ;fat.c:573: if (file_root == FAT_END_VAL)return FAT_ERR_PATH_NOT_EXIST;
   13E4 DD 7E FC      [19] 2923 	ld	a,-4 (ix)
   13E7 3C            [ 4] 2924 	inc	a
   13E8 20 17         [12] 2925 	jr	NZ,00104$
   13EA DD 7E FD      [19] 2926 	ld	a,-3 (ix)
   13ED 3C            [ 4] 2927 	inc	a
   13EE 20 11         [12] 2928 	jr	NZ,00104$
   13F0 DD 7E FE      [19] 2929 	ld	a,-2 (ix)
   13F3 3C            [ 4] 2930 	inc	a
   13F4 20 0B         [12] 2931 	jr	NZ,00104$
   13F6 DD 7E FF      [19] 2932 	ld	a,-1 (ix)
   13F9 D6 0F         [ 7] 2933 	sub	a, #0x0F
   13FB 20 04         [12] 2934 	jr	NZ,00104$
   13FD 2E FA         [ 7] 2935 	ld	l,#0xFA
   13FF 18 6E         [12] 2936 	jr	00111$
   1401                    2937 00104$:
                           2938 ;fat.c:574: resp = fat_make_record(name, file_root, wr_slen, 0);
   1401 C5            [11] 2939 	push	bc
   1402 D5            [11] 2940 	push	de
   1403 AF            [ 4] 2941 	xor	a, a
   1404 F5            [11] 2942 	push	af
   1405 33            [ 6] 2943 	inc	sp
   1406 DD 6E 08      [19] 2944 	ld	l,8 (ix)
   1409 DD 66 09      [19] 2945 	ld	h,9 (ix)
   140C E5            [11] 2946 	push	hl
   140D DD 6E FE      [19] 2947 	ld	l,-2 (ix)
   1410 DD 66 FF      [19] 2948 	ld	h,-1 (ix)
   1413 E5            [11] 2949 	push	hl
   1414 DD 6E FC      [19] 2950 	ld	l,-4 (ix)
   1417 DD 66 FD      [19] 2951 	ld	h,-3 (ix)
   141A E5            [11] 2952 	push	hl
   141B DD 6E 04      [19] 2953 	ld	l,4 (ix)
   141E DD 66 05      [19] 2954 	ld	h,5 (ix)
   1421 E5            [11] 2955 	push	hl
   1422 CDr2Ar26      [17] 2956 	call	_fat_make_record
   1425 FD 21 09 00   [14] 2957 	ld	iy,#0x0009
   1429 FD 39         [15] 2958 	add	iy,sp
   142B FD F9         [10] 2959 	ld	sp,iy
   142D D1            [10] 2960 	pop	de
   142E C1            [10] 2961 	pop	bc
   142F 5D            [ 4] 2962 	ld	e,l
                           2963 ;fat.c:575: if (resp)return resp;
   1430 7B            [ 4] 2964 	ld	a,e
   1431 B7            [ 4] 2965 	or	a, a
   1432 28 03         [12] 2966 	jr	Z,00106$
   1434 6B            [ 4] 2967 	ld	l,e
   1435 18 38         [12] 2968 	jr	00111$
   1437                    2969 00106$:
                           2970 ;fat.c:577: resp = fat_seek_record(name, rec, &file_root, 0);
   1437 D5            [11] 2971 	push	de
   1438 AF            [ 4] 2972 	xor	a, a
   1439 F5            [11] 2973 	push	af
   143A 33            [ 6] 2974 	inc	sp
   143B C5            [11] 2975 	push	bc
   143C DD 6E 06      [19] 2976 	ld	l,6 (ix)
   143F DD 66 07      [19] 2977 	ld	h,7 (ix)
   1442 E5            [11] 2978 	push	hl
   1443 DD 6E 04      [19] 2979 	ld	l,4 (ix)
   1446 DD 66 05      [19] 2980 	ld	h,5 (ix)
   1449 E5            [11] 2981 	push	hl
   144A CDr74r14      [17] 2982 	call	_fat_seek_record
   144D F1            [10] 2983 	pop	af
   144E F1            [10] 2984 	pop	af
   144F F1            [10] 2985 	pop	af
   1450 33            [ 6] 2986 	inc	sp
   1451 D1            [10] 2987 	pop	de
   1452 5D            [ 4] 2988 	ld	e,l
                           2989 ;fat.c:578: if (resp)return resp;
   1453 7B            [ 4] 2990 	ld	a,e
   1454 B7            [ 4] 2991 	or	a, a
   1455 28 03         [12] 2992 	jr	Z,00110$
   1457 6B            [ 4] 2993 	ld	l,e
   1458 18 15         [12] 2994 	jr	00111$
   145A                    2995 00110$:
                           2996 ;fat.c:581: resp = fat_open_file(rec, wr_slen);
   145A D5            [11] 2997 	push	de
   145B DD 6E 08      [19] 2998 	ld	l,8 (ix)
   145E DD 66 09      [19] 2999 	ld	h,9 (ix)
   1461 E5            [11] 3000 	push	hl
   1462 DD 6E 06      [19] 3001 	ld	l,6 (ix)
   1465 DD 66 07      [19] 3002 	ld	h,7 (ix)
   1468 E5            [11] 3003 	push	hl
   1469 CDr67r0E      [17] 3004 	call	_fat_open_file
   146C F1            [10] 3005 	pop	af
   146D F1            [10] 3006 	pop	af
   146E D1            [10] 3007 	pop	de
                           3008 ;fat.c:583: return resp;
   146F                    3009 00111$:
   146F DD F9         [10] 3010 	ld	sp,ix
   1471 DD E1         [14] 3011 	pop	ix
   1473 C9            [10] 3012 	ret
   1474                    3013 _fat_open_file_by_name_end::
                           3014 ;fat.c:586: u8 fat_seek_record(u8 *name, FatFullRecord *rec, u32 *file_root, u8 dir) {
                           3015 ;	---------------------------------
                           3016 ; Function fat_seek_record
                           3017 ; ---------------------------------
   1474                    3018 _fat_seek_record_start::
   1474                    3019 _fat_seek_record:
   1474 DD E5         [15] 3020 	push	ix
   1476 DD 21 00 00   [14] 3021 	ld	ix,#0
   147A DD 39         [15] 3022 	add	ix,sp
   147C 21 E4 FF      [10] 3023 	ld	hl,#-28
   147F 39            [11] 3024 	add	hl,sp
   1480 F9            [ 6] 3025 	ld	sp,hl
                           3026 ;fat.c:590: u8 last_sub = 0;
   1481 DD 36 E8 00   [19] 3027 	ld	-24 (ix),#0x00
                           3028 ;fat.c:591: u32 dir_addr = 0;
   1485 AF            [ 4] 3029 	xor	a, a
   1486 DD 77 E4      [19] 3030 	ld	-28 (ix),a
   1489 DD 77 E5      [19] 3031 	ld	-27 (ix),a
   148C DD 77 E6      [19] 3032 	ld	-26 (ix),a
   148F DD 77 E7      [19] 3033 	ld	-25 (ix),a
                           3034 ;fat.c:592: u8 exist = 0;
   1492 DD 36 EC 00   [19] 3035 	ld	-20 (ix),#0x00
                           3036 ;fat.c:597: *file_root = FAT_END_VAL;
   1496 DD 7E 08      [19] 3037 	ld	a,8 (ix)
   1499 DD 77 FC      [19] 3038 	ld	-4 (ix),a
   149C DD 7E 09      [19] 3039 	ld	a,9 (ix)
   149F DD 77 FD      [19] 3040 	ld	-3 (ix),a
   14A2 DD 6E FC      [19] 3041 	ld	l,-4 (ix)
   14A5 DD 66 FD      [19] 3042 	ld	h,-3 (ix)
   14A8 36 FF         [10] 3043 	ld	(hl),#0xFF
   14AA 23            [ 6] 3044 	inc	hl
   14AB 36 FF         [10] 3045 	ld	(hl),#0xFF
   14AD 23            [ 6] 3046 	inc	hl
   14AE 36 FF         [10] 3047 	ld	(hl),#0xFF
   14B0 23            [ 6] 3048 	inc	hl
   14B1 36 0F         [10] 3049 	ld	(hl),#0x0F
   14B3 DD 7E 06      [19] 3050 	ld	a,6 (ix)
   14B6 DD 77 F6      [19] 3051 	ld	-10 (ix),a
   14B9 DD 7E 07      [19] 3052 	ld	a,7 (ix)
   14BC DD 77 F7      [19] 3053 	ld	-9 (ix),a
   14BF DD 7E F6      [19] 3054 	ld	a,-10 (ix)
   14C2 C6 E4         [ 7] 3055 	add	a, #0xE4
   14C4 DD 77 FE      [19] 3056 	ld	-2 (ix),a
   14C7 DD 7E F7      [19] 3057 	ld	a,-9 (ix)
   14CA CE 00         [ 7] 3058 	adc	a, #0x00
   14CC DD 77 FF      [19] 3059 	ld	-1 (ix),a
   14CF DD 7E F6      [19] 3060 	ld	a,-10 (ix)
   14D2 DD 77 F4      [19] 3061 	ld	-12 (ix),a
   14D5 DD 7E F7      [19] 3062 	ld	a,-9 (ix)
   14D8 DD 77 F5      [19] 3063 	ld	-11 (ix),a
   14DB                    3064 00147$:
                           3065 ;fat.c:601: if (*name == (u8) '/')name++;
   14DB DD 5E 04      [19] 3066 	ld	e,4 (ix)
   14DE DD 56 05      [19] 3067 	ld	d,5 (ix)
   14E1 1A            [ 7] 3068 	ld	a,(de)
   14E2 D6 2F         [ 7] 3069 	sub	a, #0x2F
   14E4 20 07         [12] 3070 	jr	NZ,00102$
   14E6 13            [ 6] 3071 	inc	de
   14E7 DD 73 04      [19] 3072 	ld	4 (ix),e
   14EA DD 72 05      [19] 3073 	ld	5 (ix),d
   14ED                    3074 00102$:
                           3075 ;fat.c:603: while (name[sub_name_len] != (u8) '/' && name[sub_name_len] != 0)sub_name_len++;
   14ED DD 36 EF 00   [19] 3076 	ld	-17 (ix),#0x00
   14F1                    3077 00104$:
   14F1 DD 7E 04      [19] 3078 	ld	a,4 (ix)
   14F4 DD 86 EF      [19] 3079 	add	a, -17 (ix)
   14F7 DD 77 F2      [19] 3080 	ld	-14 (ix),a
   14FA DD 7E 05      [19] 3081 	ld	a,5 (ix)
   14FD CE 00         [ 7] 3082 	adc	a, #0x00
   14FF DD 77 F3      [19] 3083 	ld	-13 (ix),a
   1502 DD 6E F2      [19] 3084 	ld	l,-14 (ix)
   1505 DD 66 F3      [19] 3085 	ld	h,-13 (ix)
   1508 66            [ 7] 3086 	ld	h,(hl)
   1509 7C            [ 4] 3087 	ld	a,h
   150A FE 2F         [ 7] 3088 	cp	a,#0x2F
   150C 28 08         [12] 3089 	jr	Z,00174$
   150E B7            [ 4] 3090 	or	a, a
   150F 28 05         [12] 3091 	jr	Z,00174$
   1511 DD 34 EF      [23] 3092 	inc	-17 (ix)
   1514 18 DB         [12] 3093 	jr	00104$
   1516                    3094 00174$:
                           3095 ;fat.c:604: if (name[sub_name_len] == 0)last_sub = 1;
   1516 7C            [ 4] 3096 	ld	a,h
   1517 B7            [ 4] 3097 	or	a, a
   1518 20 04         [12] 3098 	jr	NZ,00108$
   151A DD 36 E8 01   [19] 3099 	ld	-24 (ix),#0x01
   151E                    3100 00108$:
                           3101 ;fat.c:608: resp = fat_load_dir(dir_addr);
   151E DD 6E E6      [19] 3102 	ld	l,-26 (ix)
   1521 DD 66 E7      [19] 3103 	ld	h,-25 (ix)
   1524 E5            [11] 3104 	push	hl
   1525 DD 6E E4      [19] 3105 	ld	l,-28 (ix)
   1528 DD 66 E5      [19] 3106 	ld	h,-27 (ix)
   152B E5            [11] 3107 	push	hl
   152C CDr7Er03      [17] 3108 	call	_fat_load_dir
   152F F1            [10] 3109 	pop	af
   1530 F1            [10] 3110 	pop	af
                           3111 ;fat.c:609: if (resp)return resp;
   1531 DD 75 E9      [19] 3112 	ld	-23 (ix), l
   1534 7D            [ 4] 3113 	ld	a, l
   1535 B7            [ 4] 3114 	or	a, a
   1536 28 06         [12] 3115 	jr	Z,00110$
   1538 DD 6E E9      [19] 3116 	ld	l,-23 (ix)
   153B C3rD4r16      [10] 3117 	jp	00149$
   153E                    3118 00110$:
                           3119 ;fat.c:611: for (i = 0; i < fat_dir_size; i++) {
   153E DD 36 F2 00   [19] 3120 	ld	-14 (ix),#0x00
   1542 DD 36 F3 00   [19] 3121 	ld	-13 (ix),#0x00
   1546 DD 36 ED 00   [19] 3122 	ld	-19 (ix),#0x00
   154A DD 36 EE 00   [19] 3123 	ld	-18 (ix),#0x00
   154E                    3124 00146$:
   154E 21r2Dr00      [10] 3125 	ld	hl,#_fat_dir_size
   1551 DD 7E ED      [19] 3126 	ld	a,-19 (ix)
   1554 96            [ 7] 3127 	sub	a, (hl)
   1555 DD 7E EE      [19] 3128 	ld	a,-18 (ix)
   1558 23            [ 6] 3129 	inc	hl
   1559 9E            [ 7] 3130 	sbc	a, (hl)
   155A D2r95r16      [10] 3131 	jp	NC,00132$
                           3132 ;fat.c:612: resp = fat_get_full_record(fat_dir[i], rec);
   155D DD 7E ED      [19] 3133 	ld	a,-19 (ix)
   1560 DD 77 F0      [19] 3134 	ld	-16 (ix),a
   1563 DD 7E EE      [19] 3135 	ld	a,-18 (ix)
   1566 DD 77 F1      [19] 3136 	ld	-15 (ix),a
   1569 3E 03         [ 7] 3137 	ld	a,#0x02+1
   156B 18 08         [12] 3138 	jr	00225$
   156D                    3139 00224$:
   156D DD CB F0 26   [23] 3140 	sla	-16 (ix)
   1571 DD CB F1 16   [23] 3141 	rl	-15 (ix)
   1575                    3142 00225$:
   1575 3D            [ 4] 3143 	dec	a
   1576 20 F5         [12] 3144 	jr	NZ,00224$
   1578 3Ar36r00      [13] 3145 	ld	a,(#_fat_dir + 0)
   157B DD 86 F0      [19] 3146 	add	a, -16 (ix)
   157E DD 77 F0      [19] 3147 	ld	-16 (ix),a
   1581 FD 21r36r00   [14] 3148 	ld	iy,#_fat_dir
   1585 FD 7E 01      [19] 3149 	ld	a,1 (iy)
   1588 DD 8E F1      [19] 3150 	adc	a, -15 (ix)
   158B DD 77 F1      [19] 3151 	ld	-15 (ix),a
   158E DD 5E F0      [19] 3152 	ld	e,-16 (ix)
   1591 DD 56 F1      [19] 3153 	ld	d,-15 (ix)
   1594 21 14 00      [10] 3154 	ld	hl, #0x0014
   1597 39            [11] 3155 	add	hl, sp
   1598 EB            [ 4] 3156 	ex	de, hl
   1599 01 04 00      [10] 3157 	ld	bc, #0x0004
   159C ED B0         [21] 3158 	ldir
   159E DD 6E 06      [19] 3159 	ld	l,6 (ix)
   15A1 DD 66 07      [19] 3160 	ld	h,7 (ix)
   15A4 E5            [11] 3161 	push	hl
   15A5 DD 6E FA      [19] 3162 	ld	l,-6 (ix)
   15A8 DD 66 FB      [19] 3163 	ld	h,-5 (ix)
   15AB E5            [11] 3164 	push	hl
   15AC DD 6E F8      [19] 3165 	ld	l,-8 (ix)
   15AF DD 66 F9      [19] 3166 	ld	h,-7 (ix)
   15B2 E5            [11] 3167 	push	hl
   15B3 CDr07r0A      [17] 3168 	call	_fat_get_full_record
   15B6 F1            [10] 3169 	pop	af
   15B7 F1            [10] 3170 	pop	af
   15B8 F1            [10] 3171 	pop	af
                           3172 ;fat.c:613: if (resp)return resp;
   15B9 DD 75 E9      [19] 3173 	ld	-23 (ix), l
   15BC 7D            [ 4] 3174 	ld	a, l
   15BD B7            [ 4] 3175 	or	a, a
   15BE 28 06         [12] 3176 	jr	Z,00112$
   15C0 DD 6E E9      [19] 3177 	ld	l,-23 (ix)
   15C3 C3rD4r16      [10] 3178 	jp	00149$
   15C6                    3179 00112$:
                           3180 ;fat.c:614: if (!rec->is_dir && !last_sub)continue;
   15C6 DD 6E FE      [19] 3181 	ld	l,-2 (ix)
   15C9 DD 66 FF      [19] 3182 	ld	h,-1 (ix)
   15CC 7E            [ 7] 3183 	ld	a,(hl)
   15CD B7            [ 4] 3184 	or	a, a
   15CE 20 07         [12] 3185 	jr	NZ,00114$
   15D0 DD 7E E8      [19] 3186 	ld	a,-24 (ix)
   15D3 B7            [ 4] 3187 	or	a, a
   15D4 CAr7Er16      [10] 3188 	jp	Z,00131$
   15D7                    3189 00114$:
                           3190 ;fat.c:617: str_empty = 1;
   15D7 DD 36 EA 01   [19] 3191 	ld	-22 (ix),#0x01
                           3192 ;fat.c:618: for (u = sub_name_len; rec->name[u] != 0; u++) {
   15DB DD 7E EF      [19] 3193 	ld	a,-17 (ix)
   15DE DD 77 EB      [19] 3194 	ld	-21 (ix),a
   15E1                    3195 00143$:
   15E1 DD 7E F6      [19] 3196 	ld	a,-10 (ix)
   15E4 DD 86 EB      [19] 3197 	add	a, -21 (ix)
   15E7 6F            [ 4] 3198 	ld	l,a
   15E8 DD 7E F7      [19] 3199 	ld	a,-9 (ix)
   15EB CE 00         [ 7] 3200 	adc	a, #0x00
   15ED 67            [ 4] 3201 	ld	h,a
   15EE 66            [ 7] 3202 	ld	h,(hl)
   15EF 7C            [ 4] 3203 	ld	a,h
   15F0 B7            [ 4] 3204 	or	a, a
   15F1 28 10         [12] 3205 	jr	Z,00118$
                           3206 ;fat.c:619: if (rec->name[u] != (u8) ' ') {
   15F3 7C            [ 4] 3207 	ld	a,h
   15F4 D6 20         [ 7] 3208 	sub	a, #0x20
   15F6 28 06         [12] 3209 	jr	Z,00144$
                           3210 ;fat.c:620: str_empty = 0;
   15F8 DD 36 EA 00   [19] 3211 	ld	-22 (ix),#0x00
                           3212 ;fat.c:621: break;
   15FC 18 05         [12] 3213 	jr	00118$
   15FE                    3214 00144$:
                           3215 ;fat.c:618: for (u = sub_name_len; rec->name[u] != 0; u++) {
   15FE DD 34 EB      [23] 3216 	inc	-21 (ix)
   1601 18 DE         [12] 3217 	jr	00143$
   1603                    3218 00118$:
                           3219 ;fat.c:625: if (str_empty && str_cmp_len(name, rec->name, sub_name_len)) {
   1603 DD 7E EA      [19] 3220 	ld	a,-22 (ix)
   1606 B7            [ 4] 3221 	or	a, a
   1607 CAr7Er16      [10] 3222 	jp	Z,00131$
   160A DD 7E EF      [19] 3223 	ld	a,-17 (ix)
   160D F5            [11] 3224 	push	af
   160E 33            [ 6] 3225 	inc	sp
   160F DD 6E F6      [19] 3226 	ld	l,-10 (ix)
   1612 DD 66 F7      [19] 3227 	ld	h,-9 (ix)
   1615 E5            [11] 3228 	push	hl
   1616 DD 6E 04      [19] 3229 	ld	l,4 (ix)
   1619 DD 66 05      [19] 3230 	ld	h,5 (ix)
   161C E5            [11] 3231 	push	hl
   161D CDr00r00      [17] 3232 	call	_str_cmp_len
   1620 F1            [10] 3233 	pop	af
   1621 F1            [10] 3234 	pop	af
   1622 33            [ 6] 3235 	inc	sp
   1623 7D            [ 4] 3236 	ld	a,l
   1624 B7            [ 4] 3237 	or	a, a
   1625 28 57         [12] 3238 	jr	Z,00131$
                           3239 ;fat.c:626: if (last_sub) {
   1627 DD 7E E8      [19] 3240 	ld	a,-24 (ix)
   162A B7            [ 4] 3241 	or	a, a
   162B 28 21         [12] 3242 	jr	Z,00126$
                           3243 ;fat.c:627: if (rec->is_dir && !dir)continue;
   162D DD 6E FE      [19] 3244 	ld	l,-2 (ix)
   1630 DD 66 FF      [19] 3245 	ld	h,-1 (ix)
   1633 66            [ 7] 3246 	ld	h,(hl)
   1634 7C            [ 4] 3247 	ld	a,h
   1635 B7            [ 4] 3248 	or	a, a
   1636 28 06         [12] 3249 	jr	Z,00120$
   1638 DD 7E 0A      [19] 3250 	ld	a,10 (ix)
   163B B7            [ 4] 3251 	or	a, a
   163C 28 40         [12] 3252 	jr	Z,00131$
   163E                    3253 00120$:
                           3254 ;fat.c:628: if (!rec->is_dir && dir)continue;
   163E 7C            [ 4] 3255 	ld	a,h
   163F B7            [ 4] 3256 	or	a, a
   1640 20 06         [12] 3257 	jr	NZ,00123$
   1642 DD 7E 0A      [19] 3258 	ld	a,10 (ix)
   1645 B7            [ 4] 3259 	or	a, a
   1646 20 36         [12] 3260 	jr	NZ,00131$
   1648                    3261 00123$:
                           3262 ;fat.c:629: exist = 1;
   1648 DD 36 EC 01   [19] 3263 	ld	-20 (ix),#0x01
   164C 18 1D         [12] 3264 	jr	00127$
   164E                    3265 00126$:
                           3266 ;fat.c:631: dir_addr = rec->data_clsut;
   164E DD 6E F4      [19] 3267 	ld	l,-12 (ix)
   1651 DD 66 F5      [19] 3268 	ld	h,-11 (ix)
   1654 11 DC 00      [10] 3269 	ld	de, #0x00DC
   1657 19            [11] 3270 	add	hl, de
   1658 7E            [ 7] 3271 	ld	a,(hl)
   1659 DD 77 E4      [19] 3272 	ld	-28 (ix),a
   165C 23            [ 6] 3273 	inc	hl
   165D 7E            [ 7] 3274 	ld	a,(hl)
   165E DD 77 E5      [19] 3275 	ld	-27 (ix),a
   1661 23            [ 6] 3276 	inc	hl
   1662 7E            [ 7] 3277 	ld	a,(hl)
   1663 DD 77 E6      [19] 3278 	ld	-26 (ix),a
   1666 23            [ 6] 3279 	inc	hl
   1667 7E            [ 7] 3280 	ld	a,(hl)
   1668 DD 77 E7      [19] 3281 	ld	-25 (ix),a
   166B                    3282 00127$:
                           3283 ;fat.c:633: name += sub_name_len;
   166B DD 7E 04      [19] 3284 	ld	a,4 (ix)
   166E DD 86 EF      [19] 3285 	add	a, -17 (ix)
   1671 DD 77 04      [19] 3286 	ld	4 (ix),a
   1674 DD 7E 05      [19] 3287 	ld	a,5 (ix)
   1677 CE 00         [ 7] 3288 	adc	a, #0x00
   1679 DD 77 05      [19] 3289 	ld	5 (ix),a
                           3290 ;fat.c:634: break;
   167C 18 17         [12] 3291 	jr	00132$
   167E                    3292 00131$:
                           3293 ;fat.c:611: for (i = 0; i < fat_dir_size; i++) {
   167E DD 34 ED      [23] 3294 	inc	-19 (ix)
   1681 20 03         [12] 3295 	jr	NZ,00228$
   1683 DD 34 EE      [23] 3296 	inc	-18 (ix)
   1686                    3297 00228$:
   1686 DD 7E ED      [19] 3298 	ld	a,-19 (ix)
   1689 DD 77 F2      [19] 3299 	ld	-14 (ix),a
   168C DD 7E EE      [19] 3300 	ld	a,-18 (ix)
   168F DD 77 F3      [19] 3301 	ld	-13 (ix),a
   1692 C3r4Er15      [10] 3302 	jp	00146$
   1695                    3303 00132$:
                           3304 ;fat.c:639: if (resp || last_sub || i == fat_dir_size)break;
   1695 DD 7E E9      [19] 3305 	ld	a,-23 (ix)
   1698 B7            [ 4] 3306 	or	a, a
   1699 20 18         [12] 3307 	jr	NZ,00137$
   169B DD 7E E8      [19] 3308 	ld	a,-24 (ix)
   169E B7            [ 4] 3309 	or	a, a
   169F 20 12         [12] 3310 	jr	NZ,00137$
   16A1 3Ar2Dr00      [13] 3311 	ld	a,(#_fat_dir_size + 0)
   16A4 DD 96 F2      [19] 3312 	sub	a, -14 (ix)
   16A7 C2rDBr14      [10] 3313 	jp	NZ,00147$
   16AA 3Ar2Er00      [13] 3314 	ld	a,(#_fat_dir_size + 1)
   16AD DD 96 F3      [19] 3315 	sub	a, -13 (ix)
   16B0 C2rDBr14      [10] 3316 	jp	NZ,00147$
   16B3                    3317 00137$:
                           3318 ;fat.c:642: if (last_sub)*file_root = dir_addr;
   16B3 DD 7E E8      [19] 3319 	ld	a,-24 (ix)
   16B6 B7            [ 4] 3320 	or	a, a
   16B7 28 0F         [12] 3321 	jr	Z,00139$
   16B9 DD 5E FC      [19] 3322 	ld	e,-4 (ix)
   16BC DD 56 FD      [19] 3323 	ld	d,-3 (ix)
   16BF 21 00 00      [10] 3324 	ld	hl, #0x0000
   16C2 39            [11] 3325 	add	hl, sp
   16C3 01 04 00      [10] 3326 	ld	bc, #0x0004
   16C6 ED B0         [21] 3327 	ldir
   16C8                    3328 00139$:
                           3329 ;fat.c:643: if (!exist)return FAT_ERR_NOT_EXIST;
   16C8 DD 7E EC      [19] 3330 	ld	a,-20 (ix)
   16CB B7            [ 4] 3331 	or	a, a
   16CC 20 04         [12] 3332 	jr	NZ,00141$
   16CE 2E F0         [ 7] 3333 	ld	l,#0xF0
   16D0 18 02         [12] 3334 	jr	00149$
   16D2                    3335 00141$:
                           3336 ;fat.c:646: return 0;
   16D2 2E 00         [ 7] 3337 	ld	l,#0x00
   16D4                    3338 00149$:
   16D4 DD F9         [10] 3339 	ld	sp,ix
   16D6 DD E1         [14] 3340 	pop	ix
   16D8 C9            [10] 3341 	ret
   16D9                    3342 _fat_seek_record_end::
                           3343 ;fat.c:649: void fat_bytes_to_int_le(u8 *src, u32 *dst) {
                           3344 ;	---------------------------------
                           3345 ; Function fat_bytes_to_int_le
                           3346 ; ---------------------------------
   16D9                    3347 _fat_bytes_to_int_le_start::
   16D9                    3348 _fat_bytes_to_int_le:
   16D9 DD E5         [15] 3349 	push	ix
   16DB DD 21 00 00   [14] 3350 	ld	ix,#0
   16DF DD 39         [15] 3351 	add	ix,sp
   16E1 F5            [11] 3352 	push	af
   16E2 F5            [11] 3353 	push	af
                           3354 ;fat.c:658: *dst = *(u32 *) src;
   16E3 DD 5E 06      [19] 3355 	ld	e,6 (ix)
   16E6 DD 56 07      [19] 3356 	ld	d,7 (ix)
   16E9 DD 66 04      [19] 3357 	ld	h,4 (ix)
   16EC DD 46 05      [19] 3358 	ld	b,5 (ix)
   16EF D5            [11] 3359 	push	de
   16F0 5C            [ 4] 3360 	ld	e, h
   16F1 50            [ 4] 3361 	ld	d, b
   16F2 21 02 00      [10] 3362 	ld	hl, #0x0002
   16F5 39            [11] 3363 	add	hl, sp
   16F6 EB            [ 4] 3364 	ex	de, hl
   16F7 01 04 00      [10] 3365 	ld	bc, #0x0004
   16FA ED B0         [21] 3366 	ldir
   16FC D1            [10] 3367 	pop	de
   16FD 21 00 00      [10] 3368 	ld	hl, #0x0000
   1700 39            [11] 3369 	add	hl, sp
   1701 01 04 00      [10] 3370 	ld	bc, #0x0004
   1704 ED B0         [21] 3371 	ldir
   1706 DD F9         [10] 3372 	ld	sp,ix
   1708 DD E1         [14] 3373 	pop	ix
   170A C9            [10] 3374 	ret
   170B                    3375 _fat_bytes_to_int_le_end::
                           3376 ;fat.c:663: void fat_int_to_bytes_le(u32 src, u8 *dst) {
                           3377 ;	---------------------------------
                           3378 ; Function fat_int_to_bytes_le
                           3379 ; ---------------------------------
   170B                    3380 _fat_int_to_bytes_le_start::
   170B                    3381 _fat_int_to_bytes_le:
                           3382 ;fat.c:671: *(u32 *) dst = src;
   170B 21 06 00      [10] 3383 	ld	hl, #6
   170E 39            [11] 3384 	add	hl, sp
   170F 5E            [ 7] 3385 	ld	e, (hl)
   1710 23            [ 6] 3386 	inc	hl
   1711 56            [ 7] 3387 	ld	d, (hl)
   1712 21 02 00      [10] 3388 	ld	hl, #0x0002
   1715 39            [11] 3389 	add	hl, sp
   1716 01 04 00      [10] 3390 	ld	bc, #0x0004
   1719 ED B0         [21] 3391 	ldir
   171B C9            [10] 3392 	ret
   171C                    3393 _fat_int_to_bytes_le_end::
                           3394 ;fat.c:683: u8 fat_seek_free_cluster(u32 *base_clust, u16 clen) {
                           3395 ;	---------------------------------
                           3396 ; Function fat_seek_free_cluster
                           3397 ; ---------------------------------
   171C                    3398 _fat_seek_free_cluster_start::
   171C                    3399 _fat_seek_free_cluster:
   171C DD E5         [15] 3400 	push	ix
   171E DD 21 00 00   [14] 3401 	ld	ix,#0
   1722 DD 39         [15] 3402 	add	ix,sp
   1724 21 EB FF      [10] 3403 	ld	hl,#-21
   1727 39            [11] 3404 	add	hl,sp
   1728 F9            [ 6] 3405 	ld	sp,hl
                           3406 ;fat.c:693: ptr32 = (u32 *) & fat_tab[508];
   1729 3Ar34r00      [13] 3407 	ld	a,(#_fat_tab + 0)
   172C C6 FC         [ 7] 3408 	add	a, #0xFC
   172E 57            [ 4] 3409 	ld	d,a
   172F 3Ar35r00      [13] 3410 	ld	a,(#_fat_tab + 1)
   1732 CE 01         [ 7] 3411 	adc	a, #0x01
   1734 DD 72 EB      [19] 3412 	ld	-21 (ix), d
   1737 DD 77 EC      [19] 3413 	ld	-20 (ix), a
                           3414 ;fat.c:694: sector = fat_first_free_clust / 128;
   173A F5            [11] 3415 	push	af
   173B 21r25r00      [10] 3416 	ld	hl,#_fat_first_free_clust + 0
   173E 4E            [ 7] 3417 	ld	c, (hl)
   173F 21r26r00      [10] 3418 	ld	hl,#_fat_first_free_clust + 1
   1742 46            [ 7] 3419 	ld	b, (hl)
   1743 21r27r00      [10] 3420 	ld	hl,#_fat_first_free_clust + 2
   1746 5E            [ 7] 3421 	ld	e, (hl)
   1747 21r28r00      [10] 3422 	ld	hl,#_fat_first_free_clust + 3
   174A 56            [ 7] 3423 	ld	d, (hl)
   174B F1            [10] 3424 	pop	af
   174C 3E 07         [ 7] 3425 	ld	a,#0x07
   174E                    3426 00159$:
   174E CB 3A         [ 8] 3427 	srl	d
   1750 CB 1B         [ 8] 3428 	rr	e
   1752 CB 18         [ 8] 3429 	rr	b
   1754 CB 19         [ 8] 3430 	rr	c
   1756 3D            [ 4] 3431 	dec	a
   1757 20 F5         [12] 3432 	jr	NZ,00159$
                           3433 ;fat.c:721: clust = sector * 128;
   1759                    3434 00121$:
                           3435 ;fat.c:705: resp = fat_cache_read_tab(sector);
   1759 C5            [11] 3436 	push	bc
   175A D5            [11] 3437 	push	de
   175B D5            [11] 3438 	push	de
   175C C5            [11] 3439 	push	bc
   175D CDr7Br02      [17] 3440 	call	_fat_cache_read_tab
   1760 F1            [10] 3441 	pop	af
   1761 F1            [10] 3442 	pop	af
   1762 D1            [10] 3443 	pop	de
   1763 C1            [10] 3444 	pop	bc
                           3445 ;fat.c:706: if (resp)return resp;
   1764 DD 75 F5      [19] 3446 	ld	-11 (ix), l
   1767 7D            [ 4] 3447 	ld	a, l
   1768 B7            [ 4] 3448 	or	a, a
   1769 28 06         [12] 3449 	jr	Z,00102$
   176B DD 6E F5      [19] 3450 	ld	l,-11 (ix)
   176E C3rDEr18      [10] 3451 	jp	00127$
   1771                    3452 00102$:
                           3453 ;fat.c:708: if (*ptr32 == 0)break;
   1771 D5            [11] 3454 	push	de
   1772 C5            [11] 3455 	push	bc
   1773 DD 5E EB      [19] 3456 	ld	e,-21 (ix)
   1776 DD 56 EC      [19] 3457 	ld	d,-20 (ix)
   1779 21 15 00      [10] 3458 	ld	hl, #0x0015
   177C 39            [11] 3459 	add	hl, sp
   177D EB            [ 4] 3460 	ex	de, hl
   177E 01 04 00      [10] 3461 	ld	bc, #0x0004
   1781 ED B0         [21] 3462 	ldir
   1783 C1            [10] 3463 	pop	bc
   1784 D1            [10] 3464 	pop	de
   1785 DD 7E FF      [19] 3465 	ld	a,-1 (ix)
   1788 DD B6 FE      [19] 3466 	or	a, -2 (ix)
   178B DD B6 FD      [19] 3467 	or	a, -3 (ix)
   178E DD B6 FC      [19] 3468 	or	a,-4 (ix)
   1791 28 25         [12] 3469 	jr	Z,00107$
                           3470 ;fat.c:710: sector += FAT_SEEK_STEP;
   1793 79            [ 4] 3471 	ld	a,c
   1794 C6 40         [ 7] 3472 	add	a, #0x40
   1796 4F            [ 4] 3473 	ld	c,a
   1797 78            [ 4] 3474 	ld	a,b
   1798 CE 00         [ 7] 3475 	adc	a, #0x00
   179A 47            [ 4] 3476 	ld	b,a
   179B 7B            [ 4] 3477 	ld	a,e
   179C CE 00         [ 7] 3478 	adc	a, #0x00
   179E 5F            [ 4] 3479 	ld	e,a
   179F 7A            [ 4] 3480 	ld	a,d
   17A0 CE 00         [ 7] 3481 	adc	a, #0x00
   17A2 57            [ 4] 3482 	ld	d,a
                           3483 ;fat.c:711: if (sector >= fat_sectors_per_fat) return FAT_ERR_NO_FRE_SPACE;
   17A3 21r14r00      [10] 3484 	ld	hl,#_fat_sectors_per_fat
   17A6 79            [ 4] 3485 	ld	a,c
   17A7 96            [ 7] 3486 	sub	a, (hl)
   17A8 78            [ 4] 3487 	ld	a,b
   17A9 23            [ 6] 3488 	inc	hl
   17AA 9E            [ 7] 3489 	sbc	a, (hl)
   17AB 7B            [ 4] 3490 	ld	a,e
   17AC 23            [ 6] 3491 	inc	hl
   17AD 9E            [ 7] 3492 	sbc	a, (hl)
   17AE 7A            [ 4] 3493 	ld	a,d
   17AF 23            [ 6] 3494 	inc	hl
   17B0 9E            [ 7] 3495 	sbc	a, (hl)
   17B1 38 A6         [12] 3496 	jr	C,00121$
   17B3 2E F4         [ 7] 3497 	ld	l,#0xF4
   17B5 C3rDEr18      [10] 3498 	jp	00127$
   17B8                    3499 00107$:
                           3500 ;fat.c:721: clust = sector * 128;
   17B8 F5            [11] 3501 	push	af
   17B9 DD 71 ED      [19] 3502 	ld	-19 (ix),c
   17BC DD 70 EE      [19] 3503 	ld	-18 (ix),b
   17BF DD 73 EF      [19] 3504 	ld	-17 (ix),e
   17C2 DD 72 F0      [19] 3505 	ld	-16 (ix),d
   17C5 F1            [10] 3506 	pop	af
   17C6 3E 07         [ 7] 3507 	ld	a,#0x07
   17C8                    3508 00161$:
   17C8 DD CB ED 26   [23] 3509 	sla	-19 (ix)
   17CC DD CB EE 16   [23] 3510 	rl	-18 (ix)
   17D0 DD CB EF 16   [23] 3511 	rl	-17 (ix)
   17D4 DD CB F0 16   [23] 3512 	rl	-16 (ix)
   17D8 3D            [ 4] 3513 	dec	a
   17D9 20 ED         [12] 3514 	jr	NZ,00161$
                           3515 ;fat.c:722: if (clust < 2)clust = 2;
   17DB DD 7E ED      [19] 3516 	ld	a,-19 (ix)
   17DE D6 02         [ 7] 3517 	sub	a, #0x02
   17E0 DD 7E EE      [19] 3518 	ld	a,-18 (ix)
   17E3 DE 00         [ 7] 3519 	sbc	a, #0x00
   17E5 DD 7E EF      [19] 3520 	ld	a,-17 (ix)
   17E8 DE 00         [ 7] 3521 	sbc	a, #0x00
   17EA DD 7E F0      [19] 3522 	ld	a,-16 (ix)
   17ED DE 00         [ 7] 3523 	sbc	a, #0x00
   17EF 30 0E         [12] 3524 	jr	NC,00136$
   17F1 DD 36 ED 02   [19] 3525 	ld	-19 (ix),#0x02
   17F5 AF            [ 4] 3526 	xor	a, a
   17F6 DD 77 EE      [19] 3527 	ld	-18 (ix),a
   17F9 DD 77 EF      [19] 3528 	ld	-17 (ix),a
   17FC DD 77 F0      [19] 3529 	ld	-16 (ix),a
                           3530 ;fat.c:724: ctr = 0;
   17FF                    3531 00136$:
   17FF DD 7E ED      [19] 3532 	ld	a,-19 (ix)
   1802 DD 77 FC      [19] 3533 	ld	-4 (ix),a
   1805 DD 7E EE      [19] 3534 	ld	a,-18 (ix)
   1808 DD 77 FD      [19] 3535 	ld	-3 (ix),a
   180B DD 7E EF      [19] 3536 	ld	a,-17 (ix)
   180E DD 77 FE      [19] 3537 	ld	-2 (ix),a
   1811 DD 7E F0      [19] 3538 	ld	a,-16 (ix)
   1814 DD 77 FF      [19] 3539 	ld	-1 (ix),a
   1817 DD 36 F6 00   [19] 3540 	ld	-10 (ix),#0x00
   181B DD 36 F7 00   [19] 3541 	ld	-9 (ix),#0x00
   181F                    3542 00123$:
                           3543 ;fat.c:727: resp = fat_get_table_record(clust, &tab_val);
   181F 21 06 00      [10] 3544 	ld	hl,#0x0006
   1822 39            [11] 3545 	add	hl,sp
   1823 C5            [11] 3546 	push	bc
   1824 D5            [11] 3547 	push	de
   1825 E5            [11] 3548 	push	hl
   1826 DD 6E FE      [19] 3549 	ld	l,-2 (ix)
   1829 DD 66 FF      [19] 3550 	ld	h,-1 (ix)
   182C E5            [11] 3551 	push	hl
   182D DD 6E FC      [19] 3552 	ld	l,-4 (ix)
   1830 DD 66 FD      [19] 3553 	ld	h,-3 (ix)
   1833 E5            [11] 3554 	push	hl
   1834 CDr86r09      [17] 3555 	call	_fat_get_table_record
   1837 F1            [10] 3556 	pop	af
   1838 F1            [10] 3557 	pop	af
   1839 F1            [10] 3558 	pop	af
   183A D1            [10] 3559 	pop	de
   183B C1            [10] 3560 	pop	bc
                           3561 ;fat.c:728: if (resp)return resp;
   183C DD 75 F5      [19] 3562 	ld	-11 (ix), l
   183F 7D            [ 4] 3563 	ld	a, l
   1840 B7            [ 4] 3564 	or	a, a
   1841 28 06         [12] 3565 	jr	Z,00111$
   1843 DD 6E F5      [19] 3566 	ld	l,-11 (ix)
   1846 C3rDEr18      [10] 3567 	jp	00127$
   1849                    3568 00111$:
                           3569 ;fat.c:729: clust++;
   1849 DD 34 FC      [23] 3570 	inc	-4 (ix)
   184C 20 0D         [12] 3571 	jr	NZ,00163$
   184E DD 34 FD      [23] 3572 	inc	-3 (ix)
   1851 20 08         [12] 3573 	jr	NZ,00163$
   1853 DD 34 FE      [23] 3574 	inc	-2 (ix)
   1856 20 03         [12] 3575 	jr	NZ,00163$
   1858 DD 34 FF      [23] 3576 	inc	-1 (ix)
   185B                    3577 00163$:
                           3578 ;fat.c:731: if (tab_val == 0) {
   185B DD 7E F4      [19] 3579 	ld	a,-12 (ix)
   185E DD B6 F3      [19] 3580 	or	a, -13 (ix)
   1861 DD B6 F2      [19] 3581 	or	a, -14 (ix)
   1864 DD B6 F1      [19] 3582 	or	a,-15 (ix)
   1867 20 5C         [12] 3583 	jr	NZ,00117$
                           3584 ;fat.c:733: ctr++;
   1869 DD 34 F6      [23] 3585 	inc	-10 (ix)
   186C 20 03         [12] 3586 	jr	NZ,00164$
   186E DD 34 F7      [23] 3587 	inc	-9 (ix)
   1871                    3588 00164$:
                           3589 ;fat.c:734: if (ctr == clen) {
   1871 DD 7E F6      [19] 3590 	ld	a,-10 (ix)
   1874 DD 96 06      [19] 3591 	sub	a, 6 (ix)
   1877 20 A6         [12] 3592 	jr	NZ,00123$
   1879 DD 7E F7      [19] 3593 	ld	a,-9 (ix)
   187C DD 96 07      [19] 3594 	sub	a, 7 (ix)
   187F 20 9E         [12] 3595 	jr	NZ,00123$
                           3596 ;fat.c:735: *base_clust = clust - clen;
   1881 DD 5E 04      [19] 3597 	ld	e,4 (ix)
   1884 DD 56 05      [19] 3598 	ld	d,5 (ix)
   1887 DD 6E 06      [19] 3599 	ld	l,6 (ix)
   188A DD 66 07      [19] 3600 	ld	h,7 (ix)
   188D 01 00 00      [10] 3601 	ld	bc,#0x0000
   1890 DD 7E FC      [19] 3602 	ld	a,-4 (ix)
   1893 95            [ 4] 3603 	sub	a, l
   1894 DD 77 F8      [19] 3604 	ld	-8 (ix),a
   1897 DD 7E FD      [19] 3605 	ld	a,-3 (ix)
   189A 9C            [ 4] 3606 	sbc	a, h
   189B DD 77 F9      [19] 3607 	ld	-7 (ix),a
   189E DD 7E FE      [19] 3608 	ld	a,-2 (ix)
   18A1 99            [ 4] 3609 	sbc	a, c
   18A2 DD 77 FA      [19] 3610 	ld	-6 (ix),a
   18A5 DD 7E FF      [19] 3611 	ld	a,-1 (ix)
   18A8 98            [ 4] 3612 	sbc	a, b
   18A9 DD 77 FB      [19] 3613 	ld	-5 (ix),a
   18AC 21 0D 00      [10] 3614 	ld	hl, #0x000D
   18AF 39            [11] 3615 	add	hl, sp
   18B0 01 04 00      [10] 3616 	ld	bc, #0x0004
   18B3 ED B0         [21] 3617 	ldir
                           3618 ;fat.c:736: fat_first_free_clust = *base_clust;
   18B5 11r25r00      [10] 3619 	ld	de, #_fat_first_free_clust
   18B8 21 0D 00      [10] 3620 	ld	hl, #13
   18BB 39            [11] 3621 	add	hl, sp
   18BC 01 04 00      [10] 3622 	ld	bc, #4
   18BF ED B0         [21] 3623 	ldir
                           3624 ;fat.c:737: return 0;
   18C1 2E 00         [ 7] 3625 	ld	l,#0x00
   18C3 18 19         [12] 3626 	jr	00127$
   18C5                    3627 00117$:
                           3628 ;fat.c:742: if (ctr != 0) break;
   18C5 DD 7E F7      [19] 3629 	ld	a,-9 (ix)
   18C8 DD B6 F6      [19] 3630 	or	a,-10 (ix)
   18CB CAr1Fr18      [10] 3631 	jp	Z,00123$
                           3632 ;fat.c:747: sector++;
   18CE 0C            [ 4] 3633 	inc	c
   18CF C2r59r17      [10] 3634 	jp	NZ,00121$
   18D2 04            [ 4] 3635 	inc	b
   18D3 C2r59r17      [10] 3636 	jp	NZ,00121$
   18D6 1C            [ 4] 3637 	inc	e
   18D7 C2r59r17      [10] 3638 	jp	NZ,00121$
   18DA 14            [ 4] 3639 	inc	d
   18DB C3r59r17      [10] 3640 	jp	00121$
   18DE                    3641 00127$:
   18DE DD F9         [10] 3642 	ld	sp,ix
   18E0 DD E1         [14] 3643 	pop	ix
   18E2 C9            [10] 3644 	ret
   18E3                    3645 _fat_seek_free_cluster_end::
                           3646 ;fat.c:755: u8 fat_cache_save_tab() {
                           3647 ;	---------------------------------
                           3648 ; Function fat_cache_save_tab
                           3649 ; ---------------------------------
   18E3                    3650 _fat_cache_save_tab_start::
   18E3                    3651 _fat_cache_save_tab:
   18E3 DD E5         [15] 3652 	push	ix
   18E5 DD 21 00 00   [14] 3653 	ld	ix,#0
   18E9 DD 39         [15] 3654 	add	ix,sp
   18EB F5            [11] 3655 	push	af
   18EC 3B            [ 6] 3656 	dec	sp
                           3657 ;fat.c:760: sector = fat_tab_sector + fat_entry;
   18ED 21r04r00      [10] 3658 	ld	hl,#_fat_entry
   18F0 3Ar10r00      [13] 3659 	ld	a,(#_fat_tab_sector + 0)
   18F3 86            [ 7] 3660 	add	a, (hl)
   18F4 5F            [ 4] 3661 	ld	e,a
   18F5 3Ar11r00      [13] 3662 	ld	a,(#_fat_tab_sector + 1)
   18F8 23            [ 6] 3663 	inc	hl
   18F9 8E            [ 7] 3664 	adc	a, (hl)
   18FA 57            [ 4] 3665 	ld	d,a
   18FB 3Ar12r00      [13] 3666 	ld	a,(#_fat_tab_sector + 2)
   18FE 23            [ 6] 3667 	inc	hl
   18FF 8E            [ 7] 3668 	adc	a, (hl)
   1900 4F            [ 4] 3669 	ld	c,a
   1901 3Ar13r00      [13] 3670 	ld	a,(#_fat_tab_sector + 3)
   1904 23            [ 6] 3671 	inc	hl
   1905 8E            [ 7] 3672 	adc	a, (hl)
   1906 47            [ 4] 3673 	ld	b,a
                           3674 ;fat.c:762: resp = diskWrite(sector, fat_tab, 1);
   1907 FD 2Ar34r00   [20] 3675 	ld	iy,(_fat_tab)
   190B C5            [11] 3676 	push	bc
   190C D5            [11] 3677 	push	de
   190D 21 01 00      [10] 3678 	ld	hl,#0x0001
   1910 E5            [11] 3679 	push	hl
   1911 FD E5         [15] 3680 	push	iy
   1913 C5            [11] 3681 	push	bc
   1914 D5            [11] 3682 	push	de
   1915 CDr00r00      [17] 3683 	call	_diskWrite
   1918 F1            [10] 3684 	pop	af
   1919 F1            [10] 3685 	pop	af
   191A F1            [10] 3686 	pop	af
   191B F1            [10] 3687 	pop	af
   191C D1            [10] 3688 	pop	de
   191D C1            [10] 3689 	pop	bc
                           3690 ;fat.c:763: if (resp)return resp;
   191E DD 75 FD      [19] 3691 	ld	-3 (ix), l
   1921 7D            [ 4] 3692 	ld	a, l
   1922 B7            [ 4] 3693 	or	a, a
   1923 28 05         [12] 3694 	jr	Z,00102$
   1925 DD 6E FD      [19] 3695 	ld	l,-3 (ix)
   1928 18 32         [12] 3696 	jr	00103$
   192A                    3697 00102$:
                           3698 ;fat.c:765: resp = diskWrite(sector + fat_sectors_per_fat, fat_tab, 1);
   192A 2Ar34r00      [16] 3699 	ld	hl,(_fat_tab)
   192D DD 75 FE      [19] 3700 	ld	-2 (ix),l
   1930 DD 74 FF      [19] 3701 	ld	-1 (ix),h
   1933 7B            [ 4] 3702 	ld	a,e
   1934 21r14r00      [10] 3703 	ld	hl,#_fat_sectors_per_fat
   1937 86            [ 7] 3704 	add	a, (hl)
   1938 5F            [ 4] 3705 	ld	e,a
   1939 7A            [ 4] 3706 	ld	a,d
   193A 23            [ 6] 3707 	inc	hl
   193B 8E            [ 7] 3708 	adc	a, (hl)
   193C 57            [ 4] 3709 	ld	d,a
   193D 79            [ 4] 3710 	ld	a,c
   193E 23            [ 6] 3711 	inc	hl
   193F 8E            [ 7] 3712 	adc	a, (hl)
   1940 4F            [ 4] 3713 	ld	c,a
   1941 78            [ 4] 3714 	ld	a,b
   1942 23            [ 6] 3715 	inc	hl
   1943 8E            [ 7] 3716 	adc	a, (hl)
   1944 47            [ 4] 3717 	ld	b,a
   1945 21 01 00      [10] 3718 	ld	hl,#0x0001
   1948 E5            [11] 3719 	push	hl
   1949 DD 6E FE      [19] 3720 	ld	l,-2 (ix)
   194C DD 66 FF      [19] 3721 	ld	h,-1 (ix)
   194F E5            [11] 3722 	push	hl
   1950 C5            [11] 3723 	push	bc
   1951 D5            [11] 3724 	push	de
   1952 CDr00r00      [17] 3725 	call	_diskWrite
   1955 F1            [10] 3726 	pop	af
   1956 F1            [10] 3727 	pop	af
   1957 F1            [10] 3728 	pop	af
   1958 F1            [10] 3729 	pop	af
                           3730 ;fat.c:768: return resp;
   1959 DD 75 FD      [19] 3731 	ld	-3 (ix), l
   195C                    3732 00103$:
   195C DD F9         [10] 3733 	ld	sp,ix
   195E DD E1         [14] 3734 	pop	ix
   1960 C9            [10] 3735 	ret
   1961                    3736 _fat_cache_save_tab_end::
                           3737 ;fat.c:771: u8 fat_cache_save_data() {
                           3738 ;	---------------------------------
                           3739 ; Function fat_cache_save_data
                           3740 ; ---------------------------------
   1961                    3741 _fat_cache_save_data_start::
   1961                    3742 _fat_cache_save_data:
                           3743 ;fat.c:773: return diskWrite(fat_dat_sector, fat_dat, 1);
   1961 2Ar32r00      [16] 3744 	ld	hl,(_fat_dat)
   1964 01 01 00      [10] 3745 	ld	bc,#0x0001
   1967 C5            [11] 3746 	push	bc
   1968 E5            [11] 3747 	push	hl
   1969 2Ar0Er00      [16] 3748 	ld	hl,(_fat_dat_sector + 2)
   196C E5            [11] 3749 	push	hl
   196D 2Ar0Cr00      [16] 3750 	ld	hl,(_fat_dat_sector)
   1970 E5            [11] 3751 	push	hl
   1971 CDr00r00      [17] 3752 	call	_diskWrite
   1974 F1            [10] 3753 	pop	af
   1975 F1            [10] 3754 	pop	af
   1976 F1            [10] 3755 	pop	af
   1977 F1            [10] 3756 	pop	af
   1978 C9            [10] 3757 	ret
   1979                    3758 _fat_cache_save_data_end::
                           3759 ;fat.c:777: u8 fat_catch_clusters(u32 base, u16 clen) {
                           3760 ;	---------------------------------
                           3761 ; Function fat_catch_clusters
                           3762 ; ---------------------------------
   1979                    3763 _fat_catch_clusters_start::
   1979                    3764 _fat_catch_clusters:
   1979 DD E5         [15] 3765 	push	ix
   197B DD 21 00 00   [14] 3766 	ld	ix,#0
   197F DD 39         [15] 3767 	add	ix,sp
   1981 21 F5 FF      [10] 3768 	ld	hl,#-11
   1984 39            [11] 3769 	add	hl,sp
   1985 F9            [ 6] 3770 	ld	sp,hl
   1986                    3771 00114$:
                           3772 ;fat.c:786: sector = base / 128;
   1986 F5            [11] 3773 	push	af
   1987 DD 6E 04      [19] 3774 	ld	l,4 (ix)
   198A DD 66 05      [19] 3775 	ld	h,5 (ix)
   198D DD 5E 06      [19] 3776 	ld	e,6 (ix)
   1990 DD 56 07      [19] 3777 	ld	d,7 (ix)
   1993 F1            [10] 3778 	pop	af
   1994 06 07         [ 7] 3779 	ld	b,#0x07
   1996                    3780 00136$:
   1996 CB 3A         [ 8] 3781 	srl	d
   1998 CB 1B         [ 8] 3782 	rr	e
   199A CB 1C         [ 8] 3783 	rr	h
   199C CB 1D         [ 8] 3784 	rr	l
   199E 10 F6         [13] 3785 	djnz	00136$
                           3786 ;fat.c:787: resp = fat_cache_read_tab(sector);
   19A0 D5            [11] 3787 	push	de
   19A1 E5            [11] 3788 	push	hl
   19A2 CDr7Br02      [17] 3789 	call	_fat_cache_read_tab
   19A5 F1            [10] 3790 	pop	af
   19A6 F1            [10] 3791 	pop	af
                           3792 ;fat.c:788: if (resp)return resp;
   19A7 DD 75 F7      [19] 3793 	ld	-9 (ix), l
   19AA 7D            [ 4] 3794 	ld	a, l
   19AB B7            [ 4] 3795 	or	a, a
   19AC 28 06         [12] 3796 	jr	Z,00102$
   19AE DD 6E F7      [19] 3797 	ld	l,-9 (ix)
   19B1 C3rADr1A      [10] 3798 	jp	00116$
   19B4                    3799 00102$:
                           3800 ;fat.c:789: ptr = (u32 *) & fat_tab[(base & 127) * 4];
   19B4 DD 5E 04      [19] 3801 	ld	e,4 (ix)
   19B7 CB BB         [ 8] 3802 	res	7, e
   19B9 16 00         [ 7] 3803 	ld	d,#0x00
   19BB 01 00 00      [10] 3804 	ld	bc,#0x0000
   19BE 3E 02         [ 7] 3805 	ld	a,#0x02
   19C0                    3806 00138$:
   19C0 CB 23         [ 8] 3807 	sla	e
   19C2 CB 12         [ 8] 3808 	rl	d
   19C4 CB 11         [ 8] 3809 	rl	c
   19C6 CB 10         [ 8] 3810 	rl	b
   19C8 3D            [ 4] 3811 	dec	a
   19C9 20 F5         [12] 3812 	jr	NZ,00138$
   19CB 3Ar34r00      [13] 3813 	ld	a,(#_fat_tab + 0)
   19CE 83            [ 4] 3814 	add	a, e
   19CF 5F            [ 4] 3815 	ld	e,a
   19D0 FD 21r34r00   [14] 3816 	ld	iy,#_fat_tab
   19D4 FD 7E 01      [19] 3817 	ld	a,1 (iy)
   19D7 8A            [ 4] 3818 	adc	a, d
   19D8 57            [ 4] 3819 	ld	d,a
   19D9 33            [ 6] 3820 	inc	sp
   19DA 33            [ 6] 3821 	inc	sp
   19DB D5            [11] 3822 	push	de
   19DC DD 7E F5      [19] 3823 	ld	a,-11 (ix)
   19DF DD 77 F8      [19] 3824 	ld	-8 (ix),a
   19E2 DD 7E F6      [19] 3825 	ld	a,-10 (ix)
   19E5 DD 77 F9      [19] 3826 	ld	-7 (ix),a
   19E8 21 05 00      [10] 3827 	ld	hl, #5
   19EB 39            [11] 3828 	add	hl, sp
   19EC EB            [ 4] 3829 	ex	de, hl
   19ED 21 0F 00      [10] 3830 	ld	hl, #15
   19F0 39            [11] 3831 	add	hl, sp
   19F1 01 04 00      [10] 3832 	ld	bc, #4
   19F4 ED B0         [21] 3833 	ldir
   19F6 DD 7E 08      [19] 3834 	ld	a,8 (ix)
   19F9 DD 77 FE      [19] 3835 	ld	-2 (ix),a
   19FC DD 7E 09      [19] 3836 	ld	a,9 (ix)
   19FF DD 77 FF      [19] 3837 	ld	-1 (ix),a
   1A02                    3838 00112$:
                           3839 ;fat.c:793: base++;
   1A02 DD 34 FA      [23] 3840 	inc	-6 (ix)
   1A05 20 0D         [12] 3841 	jr	NZ,00140$
   1A07 DD 34 FB      [23] 3842 	inc	-5 (ix)
   1A0A 20 08         [12] 3843 	jr	NZ,00140$
   1A0C DD 34 FC      [23] 3844 	inc	-4 (ix)
   1A0F 20 03         [12] 3845 	jr	NZ,00140$
   1A11 DD 34 FD      [23] 3846 	inc	-3 (ix)
   1A14                    3847 00140$:
   1A14 21 0F 00      [10] 3848 	ld	hl, #15
   1A17 39            [11] 3849 	add	hl, sp
   1A18 EB            [ 4] 3850 	ex	de, hl
   1A19 21 05 00      [10] 3851 	ld	hl, #5
   1A1C 39            [11] 3852 	add	hl, sp
   1A1D 01 04 00      [10] 3853 	ld	bc, #4
   1A20 ED B0         [21] 3854 	ldir
                           3855 ;fat.c:794: clen--;
   1A22 DD 6E FE      [19] 3856 	ld	l,-2 (ix)
   1A25 DD 66 FF      [19] 3857 	ld	h,-1 (ix)
   1A28 2B            [ 6] 3858 	dec	hl
   1A29 DD 75 FE      [19] 3859 	ld	-2 (ix),l
   1A2C DD 74 FF      [19] 3860 	ld	-1 (ix),h
   1A2F DD 7E FE      [19] 3861 	ld	a,-2 (ix)
   1A32 DD 77 08      [19] 3862 	ld	8 (ix),a
   1A35 DD 7E FF      [19] 3863 	ld	a,-1 (ix)
   1A38 DD 77 09      [19] 3864 	ld	9 (ix),a
                           3865 ;fat.c:795: if (clen == 0) {
   1A3B DD 7E FF      [19] 3866 	ld	a,-1 (ix)
   1A3E DD B6 FE      [19] 3867 	or	a,-2 (ix)
   1A41 20 1B         [12] 3868 	jr	NZ,00104$
                           3869 ;fat.c:796: fat_int_to_bytes_le(FAT_END_VAL, (u8*) ptr);
   1A43 E1            [10] 3870 	pop	hl
   1A44 E5            [11] 3871 	push	hl
   1A45 E5            [11] 3872 	push	hl
   1A46 21 FF 0F      [10] 3873 	ld	hl,#0x0FFF
   1A49 E5            [11] 3874 	push	hl
   1A4A 21 FF FF      [10] 3875 	ld	hl,#0xFFFF
   1A4D E5            [11] 3876 	push	hl
   1A4E CDr0Br17      [17] 3877 	call	_fat_int_to_bytes_le
   1A51 21 06 00      [10] 3878 	ld	hl,#0x0006
   1A54 39            [11] 3879 	add	hl,sp
   1A55 F9            [ 6] 3880 	ld	sp,hl
                           3881 ;fat.c:797: resp = fat_cache_save_tab();
   1A56 CDrE3r18      [17] 3882 	call	_fat_cache_save_tab
                           3883 ;fat.c:798: return resp;
   1A59 DD 75 F7      [19] 3884 	ld	-9 (ix), l
   1A5C 18 4F         [12] 3885 	jr	00116$
   1A5E                    3886 00104$:
                           3887 ;fat.c:800: fat_int_to_bytes_le(base, (u8*) ptr);
   1A5E DD 6E F8      [19] 3888 	ld	l,-8 (ix)
   1A61 DD 66 F9      [19] 3889 	ld	h,-7 (ix)
   1A64 E5            [11] 3890 	push	hl
   1A65 DD 6E FC      [19] 3891 	ld	l,-4 (ix)
   1A68 DD 66 FD      [19] 3892 	ld	h,-3 (ix)
   1A6B E5            [11] 3893 	push	hl
   1A6C DD 6E FA      [19] 3894 	ld	l,-6 (ix)
   1A6F DD 66 FB      [19] 3895 	ld	h,-5 (ix)
   1A72 E5            [11] 3896 	push	hl
   1A73 CDr0Br17      [17] 3897 	call	_fat_int_to_bytes_le
   1A76 21 06 00      [10] 3898 	ld	hl,#0x0006
   1A79 39            [11] 3899 	add	hl,sp
   1A7A F9            [ 6] 3900 	ld	sp,hl
                           3901 ;fat.c:801: ptr++;
   1A7B DD 7E F8      [19] 3902 	ld	a,-8 (ix)
   1A7E C6 04         [ 7] 3903 	add	a, #0x04
   1A80 DD 77 F8      [19] 3904 	ld	-8 (ix),a
   1A83 DD 7E F9      [19] 3905 	ld	a,-7 (ix)
   1A86 CE 00         [ 7] 3906 	adc	a, #0x00
   1A88 DD 77 F9      [19] 3907 	ld	-7 (ix),a
   1A8B DD 7E F8      [19] 3908 	ld	a,-8 (ix)
   1A8E DD 77 F5      [19] 3909 	ld	-11 (ix),a
   1A91 DD 7E F9      [19] 3910 	ld	a,-7 (ix)
   1A94 DD 77 F6      [19] 3911 	ld	-10 (ix),a
                           3912 ;fat.c:804: if ((base & 127) == 0) {
   1A97 DD 7E FA      [19] 3913 	ld	a,-6 (ix)
   1A9A E6 7F         [ 7] 3914 	and	a, #0x7F
   1A9C C2r02r1A      [10] 3915 	jp	NZ,00112$
                           3916 ;fat.c:805: resp = fat_cache_save_tab();
   1A9F CDrE3r18      [17] 3917 	call	_fat_cache_save_tab
                           3918 ;fat.c:806: if (resp)return resp;
   1AA2 DD 75 F7      [19] 3919 	ld	-9 (ix), l
   1AA5 7D            [ 4] 3920 	ld	a, l
   1AA6 B7            [ 4] 3921 	or	a, a
   1AA7 CAr86r19      [10] 3922 	jp	Z,00114$
   1AAA DD 6E F7      [19] 3923 	ld	l,-9 (ix)
                           3924 ;fat.c:807: break;
   1AAD                    3925 00116$:
   1AAD DD F9         [10] 3926 	ld	sp,ix
   1AAF DD E1         [14] 3927 	pop	ix
   1AB1 C9            [10] 3928 	ret
   1AB2                    3929 _fat_catch_clusters_end::
                           3930 ;fat.c:817: u8 fat_resize_file(FatFullRecord *rec, u16 slen) {
                           3931 ;	---------------------------------
                           3932 ; Function fat_resize_file
                           3933 ; ---------------------------------
   1AB2                    3934 _fat_resize_file_start::
   1AB2                    3935 _fat_resize_file:
   1AB2 DD E5         [15] 3936 	push	ix
   1AB4 DD 21 00 00   [14] 3937 	ld	ix,#0
   1AB8 DD 39         [15] 3938 	add	ix,sp
   1ABA 21 E9 FF      [10] 3939 	ld	hl,#-23
   1ABD 39            [11] 3940 	add	hl,sp
   1ABE F9            [ 6] 3941 	ld	sp,hl
                           3942 ;fat.c:829: new_size = (u32) slen * 512;
   1ABF DD 7E 06      [19] 3943 	ld	a,6 (ix)
   1AC2 DD 77 FC      [19] 3944 	ld	-4 (ix),a
   1AC5 DD 7E 07      [19] 3945 	ld	a,7 (ix)
   1AC8 DD 77 FD      [19] 3946 	ld	-3 (ix),a
   1ACB DD 36 FE 00   [19] 3947 	ld	-2 (ix),#0x00
   1ACF DD 36 FF 00   [19] 3948 	ld	-1 (ix),#0x00
   1AD3 F5            [11] 3949 	push	af
   1AD4 DD 7E FC      [19] 3950 	ld	a,-4 (ix)
   1AD7 DD 77 F2      [19] 3951 	ld	-14 (ix),a
   1ADA DD 7E FD      [19] 3952 	ld	a,-3 (ix)
   1ADD DD 77 F3      [19] 3953 	ld	-13 (ix),a
   1AE0 DD 7E FE      [19] 3954 	ld	a,-2 (ix)
   1AE3 DD 77 F4      [19] 3955 	ld	-12 (ix),a
   1AE6 DD 7E FF      [19] 3956 	ld	a,-1 (ix)
   1AE9 DD 77 F5      [19] 3957 	ld	-11 (ix),a
   1AEC F1            [10] 3958 	pop	af
   1AED 06 09         [ 7] 3959 	ld	b,#0x09
   1AEF                    3960 00143$:
   1AEF DD CB F2 26   [23] 3961 	sla	-14 (ix)
   1AF3 DD CB F3 16   [23] 3962 	rl	-13 (ix)
   1AF7 DD CB F4 16   [23] 3963 	rl	-12 (ix)
   1AFB DD CB F5 16   [23] 3964 	rl	-11 (ix)
   1AFF 10 EE         [13] 3965 	djnz	00143$
                           3966 ;fat.c:833: if (new_size <= rec->size)return FAT_ERR_SIZE_EQ;
   1B01 DD 7E 04      [19] 3967 	ld	a,4 (ix)
   1B04 DD 77 FC      [19] 3968 	ld	-4 (ix),a
   1B07 DD 7E 05      [19] 3969 	ld	a,5 (ix)
   1B0A DD 77 FD      [19] 3970 	ld	-3 (ix),a
   1B0D DD 7E FC      [19] 3971 	ld	a,-4 (ix)
   1B10 C6 E0         [ 7] 3972 	add	a, #0xE0
   1B12 DD 77 F6      [19] 3973 	ld	-10 (ix),a
   1B15 DD 7E FD      [19] 3974 	ld	a,-3 (ix)
   1B18 CE 00         [ 7] 3975 	adc	a, #0x00
   1B1A DD 77 F7      [19] 3976 	ld	-9 (ix),a
   1B1D DD 6E F6      [19] 3977 	ld	l,-10 (ix)
   1B20 DD 66 F7      [19] 3978 	ld	h,-9 (ix)
   1B23 5E            [ 7] 3979 	ld	e,(hl)
   1B24 23            [ 6] 3980 	inc	hl
   1B25 56            [ 7] 3981 	ld	d,(hl)
   1B26 23            [ 6] 3982 	inc	hl
   1B27 4E            [ 7] 3983 	ld	c,(hl)
   1B28 23            [ 6] 3984 	inc	hl
   1B29 66            [ 7] 3985 	ld	h,(hl)
   1B2A 7B            [ 4] 3986 	ld	a,e
   1B2B DD 96 F2      [19] 3987 	sub	a, -14 (ix)
   1B2E 7A            [ 4] 3988 	ld	a,d
   1B2F DD 9E F3      [19] 3989 	sbc	a, -13 (ix)
   1B32 79            [ 4] 3990 	ld	a,c
   1B33 DD 9E F4      [19] 3991 	sbc	a, -12 (ix)
   1B36 7C            [ 4] 3992 	ld	a,h
   1B37 DD 9E F5      [19] 3993 	sbc	a, -11 (ix)
   1B3A 38 05         [12] 3994 	jr	C,00102$
   1B3C 2E FC         [ 7] 3995 	ld	l,#0xFC
   1B3E C3r1Er1D      [10] 3996 	jp	00117$
   1B41                    3997 00102$:
                           3998 ;fat.c:834: hdr_idx = (u8) (rec->hdr_entry_8 & 0x0F);
   1B41 DD 6E FC      [19] 3999 	ld	l,-4 (ix)
   1B44 DD 66 FD      [19] 4000 	ld	h,-3 (ix)
   1B47 11 D8 00      [10] 4001 	ld	de, #0x00D8
   1B4A 19            [11] 4002 	add	hl, de
   1B4B 5E            [ 7] 4003 	ld	e,(hl)
   1B4C 23            [ 6] 4004 	inc	hl
   1B4D 56            [ 7] 4005 	ld	d,(hl)
   1B4E 23            [ 6] 4006 	inc	hl
   1B4F 4E            [ 7] 4007 	ld	c,(hl)
   1B50 23            [ 6] 4008 	inc	hl
   1B51 46            [ 7] 4009 	ld	b,(hl)
   1B52 7B            [ 4] 4010 	ld	a,e
   1B53 E6 0F         [ 7] 4011 	and	a, #0x0F
   1B55 DD 77 F8      [19] 4012 	ld	-8 (ix),a
   1B58 DD 36 F9 00   [19] 4013 	ld	-7 (ix),#0x00
   1B5C DD 36 FA 00   [19] 4014 	ld	-6 (ix),#0x00
   1B60 DD 36 FB 00   [19] 4015 	ld	-5 (ix),#0x00
   1B64 DD 6E F8      [19] 4016 	ld	l,-8 (ix)
                           4017 ;fat.c:835: hdr_sector = rec->hdr_entry_8 >> 4;
   1B67 3E 04         [ 7] 4018 	ld	a,#0x04
   1B69                    4019 00145$:
   1B69 CB 38         [ 8] 4020 	srl	b
   1B6B CB 19         [ 8] 4021 	rr	c
   1B6D CB 1A         [ 8] 4022 	rr	d
   1B6F CB 1B         [ 8] 4023 	rr	e
   1B71 3D            [ 4] 4024 	dec	a
   1B72 20 F5         [12] 4025 	jr	NZ,00145$
                           4026 ;fat.c:836: resp = fat_cache_read_dat(hdr_sector);
   1B74 E5            [11] 4027 	push	hl
   1B75 C5            [11] 4028 	push	bc
   1B76 D5            [11] 4029 	push	de
   1B77 CDr13r02      [17] 4030 	call	_fat_cache_read_dat
   1B7A F1            [10] 4031 	pop	af
   1B7B F1            [10] 4032 	pop	af
   1B7C 7D            [ 4] 4033 	ld	a,l
   1B7D E1            [10] 4034 	pop	hl
                           4035 ;fat.c:837: if (resp)return resp;
   1B7E DD 77 F1      [19] 4036 	ld	-15 (ix), a
   1B81 B7            [ 4] 4037 	or	a, a
   1B82 28 06         [12] 4038 	jr	Z,00104$
   1B84 DD 6E F1      [19] 4039 	ld	l,-15 (ix)
   1B87 C3r1Er1D      [10] 4040 	jp	00117$
   1B8A                    4041 00104$:
                           4042 ;fat.c:841: ptr = (u8 *) & fat_dat[(u16) hdr_idx * 32];
   1B8A 26 00         [ 7] 4043 	ld	h,#0x00
   1B8C 29            [11] 4044 	add	hl, hl
   1B8D 29            [11] 4045 	add	hl, hl
   1B8E 29            [11] 4046 	add	hl, hl
   1B8F 29            [11] 4047 	add	hl, hl
   1B90 29            [11] 4048 	add	hl, hl
   1B91 55            [ 4] 4049 	ld	d,l
   1B92 5C            [ 4] 4050 	ld	e,h
   1B93 3Ar32r00      [13] 4051 	ld	a,(#_fat_dat + 0)
   1B96 82            [ 4] 4052 	add	a, d
   1B97 4F            [ 4] 4053 	ld	c,a
   1B98 3Ar33r00      [13] 4054 	ld	a,(#_fat_dat + 1)
   1B9B 8B            [ 4] 4055 	adc	a, e
   1B9C 47            [ 4] 4056 	ld	b,a
                           4057 ;fat.c:844: fat_int_to_bytes_le(new_size, &ptr[0x1c]);
   1B9D 21 1C 00      [10] 4058 	ld	hl,#0x001C
   1BA0 09            [11] 4059 	add	hl,bc
   1BA1 E5            [11] 4060 	push	hl
   1BA2 DD 6E F4      [19] 4061 	ld	l,-12 (ix)
   1BA5 DD 66 F5      [19] 4062 	ld	h,-11 (ix)
   1BA8 E5            [11] 4063 	push	hl
   1BA9 DD 6E F2      [19] 4064 	ld	l,-14 (ix)
   1BAC DD 66 F3      [19] 4065 	ld	h,-13 (ix)
   1BAF E5            [11] 4066 	push	hl
   1BB0 CDr0Br17      [17] 4067 	call	_fat_int_to_bytes_le
   1BB3 21 06 00      [10] 4068 	ld	hl,#0x0006
   1BB6 39            [11] 4069 	add	hl,sp
   1BB7 F9            [ 6] 4070 	ld	sp,hl
                           4071 ;fat.c:847: resp = fat_cache_save_data();
   1BB8 CDr61r19      [17] 4072 	call	_fat_cache_save_data
                           4073 ;fat.c:848: if (resp)return resp;
   1BBB DD 75 F1      [19] 4074 	ld	-15 (ix), l
   1BBE 7D            [ 4] 4075 	ld	a, l
   1BBF B7            [ 4] 4076 	or	a, a
   1BC0 28 06         [12] 4077 	jr	Z,00106$
   1BC2 DD 6E F1      [19] 4078 	ld	l,-15 (ix)
   1BC5 C3r1Er1D      [10] 4079 	jp	00117$
   1BC8                    4080 00106$:
                           4081 ;fat.c:851: old_slen = rec->size / 512;
   1BC8 DD 5E F6      [19] 4082 	ld	e,-10 (ix)
   1BCB DD 56 F7      [19] 4083 	ld	d,-9 (ix)
   1BCE 21 0F 00      [10] 4084 	ld	hl, #0x000F
   1BD1 39            [11] 4085 	add	hl, sp
   1BD2 EB            [ 4] 4086 	ex	de, hl
   1BD3 01 04 00      [10] 4087 	ld	bc, #0x0004
   1BD6 ED B0         [21] 4088 	ldir
   1BD8 F5            [11] 4089 	push	af
   1BD9 DD 4E F8      [19] 4090 	ld	c,-8 (ix)
   1BDC DD 66 F9      [19] 4091 	ld	h,-7 (ix)
   1BDF DD 6E FA      [19] 4092 	ld	l,-6 (ix)
   1BE2 DD 56 FB      [19] 4093 	ld	d,-5 (ix)
   1BE5 F1            [10] 4094 	pop	af
   1BE6 06 09         [ 7] 4095 	ld	b,#0x09
   1BE8                    4096 00147$:
   1BE8 CB 3A         [ 8] 4097 	srl	d
   1BEA CB 1D         [ 8] 4098 	rr	l
   1BEC CB 1C         [ 8] 4099 	rr	h
   1BEE CB 19         [ 8] 4100 	rr	c
   1BF0 10 F6         [13] 4101 	djnz	00147$
   1BF2 44            [ 4] 4102 	ld	b, h
                           4103 ;fat.c:852: if ((rec->size & 511) != 0)old_slen++;
   1BF3 DD 7E F8      [19] 4104 	ld	a,-8 (ix)
   1BF6 B7            [ 4] 4105 	or	a, a
   1BF7 20 06         [12] 4106 	jr	NZ,00149$
   1BF9 DD CB F9 46   [20] 4107 	bit	0, -7 (ix)
   1BFD 28 01         [12] 4108 	jr	Z,00108$
   1BFF                    4109 00149$:
   1BFF 03            [ 6] 4110 	inc	bc
   1C00                    4111 00108$:
                           4112 ;fat.c:855: old_clen = old_slen >> fat_cluster_size_pow;
   1C00 3Ar24r00      [13] 4113 	ld	a,(#_fat_cluster_size_pow + 0)
   1C03 61            [ 4] 4114 	ld	h,c
   1C04 68            [ 4] 4115 	ld	l,b
   1C05 3C            [ 4] 4116 	inc	a
   1C06 18 04         [12] 4117 	jr	00151$
   1C08                    4118 00150$:
   1C08 CB 3D         [ 8] 4119 	srl	l
   1C0A CB 1C         [ 8] 4120 	rr	h
   1C0C                    4121 00151$:
   1C0C 3D            [ 4] 4122 	dec	a
   1C0D 20 F9         [12] 4123 	jr	NZ,00150$
   1C0F DD 74 E9      [19] 4124 	ld	-23 (ix),h
   1C12 DD 75 EA      [19] 4125 	ld	-22 (ix),l
                           4126 ;fat.c:856: if ((old_slen & (fat_cluster_size - 1)) != 0)old_clen++;
   1C15 FD 21r22r00   [14] 4127 	ld	iy,#_fat_cluster_size
   1C19 FD 6E 00      [19] 4128 	ld	l,0 (iy)
   1C1C 26 00         [ 7] 4129 	ld	h,#0x00
   1C1E 2B            [ 6] 4130 	dec	hl
   1C1F 7D            [ 4] 4131 	ld	a,l
   1C20 A1            [ 4] 4132 	and	a, c
   1C21 DD 77 F8      [19] 4133 	ld	-8 (ix),a
   1C24 7C            [ 4] 4134 	ld	a,h
   1C25 A0            [ 4] 4135 	and	a, b
   1C26 DD 77 F9      [19] 4136 	ld	-7 (ix), a
   1C29 DD B6 F8      [19] 4137 	or	a,-8 (ix)
   1C2C 28 08         [12] 4138 	jr	Z,00110$
   1C2E DD 34 E9      [23] 4139 	inc	-23 (ix)
   1C31 20 03         [12] 4140 	jr	NZ,00152$
   1C33 DD 34 EA      [23] 4141 	inc	-22 (ix)
   1C36                    4142 00152$:
   1C36                    4143 00110$:
                           4144 ;fat.c:859: new_clen = slen >> fat_cluster_size_pow;
   1C36 FD 21r24r00   [14] 4145 	ld	iy,#_fat_cluster_size_pow
   1C3A FD 46 00      [19] 4146 	ld	b,0 (iy)
   1C3D F5            [11] 4147 	push	af
   1C3E DD 56 06      [19] 4148 	ld	d,6 (ix)
   1C41 DD 5E 07      [19] 4149 	ld	e,7 (ix)
   1C44 F1            [10] 4150 	pop	af
   1C45 04            [ 4] 4151 	inc	b
   1C46 18 04         [12] 4152 	jr	00154$
   1C48                    4153 00153$:
   1C48 CB 3B         [ 8] 4154 	srl	e
   1C4A CB 1A         [ 8] 4155 	rr	d
   1C4C                    4156 00154$:
   1C4C 10 FA         [13] 4157 	djnz	00153$
   1C4E DD 72 EB      [19] 4158 	ld	-21 (ix),d
   1C51 DD 73 EC      [19] 4159 	ld	-20 (ix),e
                           4160 ;fat.c:860: if ((slen & (fat_cluster_size - 1)) != 0)new_clen++;
   1C54 7D            [ 4] 4161 	ld	a,l
   1C55 DD A6 06      [19] 4162 	and	a, 6 (ix)
   1C58 DD 77 F8      [19] 4163 	ld	-8 (ix),a
   1C5B 7C            [ 4] 4164 	ld	a,h
   1C5C DD A6 07      [19] 4165 	and	a, 7 (ix)
   1C5F DD 77 F9      [19] 4166 	ld	-7 (ix), a
   1C62 DD B6 F8      [19] 4167 	or	a,-8 (ix)
   1C65 28 08         [12] 4168 	jr	Z,00112$
   1C67 DD 34 EB      [23] 4169 	inc	-21 (ix)
   1C6A 20 03         [12] 4170 	jr	NZ,00155$
   1C6C DD 34 EC      [23] 4171 	inc	-20 (ix)
   1C6F                    4172 00155$:
   1C6F                    4173 00112$:
                           4174 ;fat.c:863: if (old_clen == new_clen)return 0;
   1C6F DD 7E E9      [19] 4175 	ld	a,-23 (ix)
   1C72 DD 96 EB      [19] 4176 	sub	a, -21 (ix)
   1C75 20 0D         [12] 4177 	jr	NZ,00114$
   1C77 DD 7E EA      [19] 4178 	ld	a,-22 (ix)
   1C7A DD 96 EC      [19] 4179 	sub	a, -20 (ix)
   1C7D 20 05         [12] 4180 	jr	NZ,00114$
   1C7F 2E 00         [ 7] 4181 	ld	l,#0x00
   1C81 C3r1Er1D      [10] 4182 	jp	00117$
   1C84                    4183 00114$:
                           4184 ;fat.c:865: new_clen -= old_clen;
   1C84 DD 7E EB      [19] 4185 	ld	a,-21 (ix)
   1C87 DD 96 E9      [19] 4186 	sub	a, -23 (ix)
   1C8A DD 77 EB      [19] 4187 	ld	-21 (ix),a
   1C8D DD 7E EC      [19] 4188 	ld	a,-20 (ix)
   1C90 DD 9E EA      [19] 4189 	sbc	a, -22 (ix)
   1C93 DD 77 EC      [19] 4190 	ld	-20 (ix),a
                           4191 ;fat.c:868: resp = fat_seek_rec_end(rec->data_clsut, &end_cluster);
   1C96 21 04 00      [10] 4192 	ld	hl,#0x0004
   1C99 39            [11] 4193 	add	hl,sp
   1C9A DD 75 F8      [19] 4194 	ld	-8 (ix),l
   1C9D DD 74 F9      [19] 4195 	ld	-7 (ix),h
   1CA0 DD 7E F8      [19] 4196 	ld	a,-8 (ix)
   1CA3 DD 77 F8      [19] 4197 	ld	-8 (ix),a
   1CA6 DD 7E F9      [19] 4198 	ld	a,-7 (ix)
   1CA9 DD 77 F9      [19] 4199 	ld	-7 (ix),a
   1CAC DD 7E FC      [19] 4200 	ld	a,-4 (ix)
   1CAF DD 77 F6      [19] 4201 	ld	-10 (ix),a
   1CB2 DD 7E FD      [19] 4202 	ld	a,-3 (ix)
   1CB5 DD 77 F7      [19] 4203 	ld	-9 (ix),a
   1CB8 DD 6E F6      [19] 4204 	ld	l,-10 (ix)
   1CBB DD 66 F7      [19] 4205 	ld	h,-9 (ix)
   1CBE 11 DC 00      [10] 4206 	ld	de, #0x00DC
   1CC1 19            [11] 4207 	add	hl, de
   1CC2 7E            [ 7] 4208 	ld	a,(hl)
   1CC3 DD 77 FC      [19] 4209 	ld	-4 (ix),a
   1CC6 23            [ 6] 4210 	inc	hl
   1CC7 7E            [ 7] 4211 	ld	a,(hl)
   1CC8 DD 77 FD      [19] 4212 	ld	-3 (ix),a
   1CCB 23            [ 6] 4213 	inc	hl
   1CCC 7E            [ 7] 4214 	ld	a,(hl)
   1CCD DD 77 FE      [19] 4215 	ld	-2 (ix),a
   1CD0 23            [ 6] 4216 	inc	hl
   1CD1 7E            [ 7] 4217 	ld	a,(hl)
   1CD2 DD 77 FF      [19] 4218 	ld	-1 (ix),a
   1CD5 DD 6E F8      [19] 4219 	ld	l,-8 (ix)
   1CD8 DD 66 F9      [19] 4220 	ld	h,-7 (ix)
   1CDB E5            [11] 4221 	push	hl
   1CDC DD 6E FE      [19] 4222 	ld	l,-2 (ix)
   1CDF DD 66 FF      [19] 4223 	ld	h,-1 (ix)
   1CE2 E5            [11] 4224 	push	hl
   1CE3 DD 6E FC      [19] 4225 	ld	l,-4 (ix)
   1CE6 DD 66 FD      [19] 4226 	ld	h,-3 (ix)
   1CE9 E5            [11] 4227 	push	hl
   1CEA CDr23r1D      [17] 4228 	call	_fat_seek_rec_end
   1CED F1            [10] 4229 	pop	af
   1CEE F1            [10] 4230 	pop	af
   1CEF F1            [10] 4231 	pop	af
   1CF0 DD 75 F8      [19] 4232 	ld	-8 (ix), l
   1CF3 7D            [ 4] 4233 	ld	a, l
                           4234 ;fat.c:869: if (resp)return resp;
   1CF4 DD 77 F1      [19] 4235 	ld	-15 (ix), a
   1CF7 B7            [ 4] 4236 	or	a, a
   1CF8 28 05         [12] 4237 	jr	Z,00116$
   1CFA DD 6E F1      [19] 4238 	ld	l,-15 (ix)
   1CFD 18 1F         [12] 4239 	jr	00117$
   1CFF                    4240 00116$:
                           4241 ;fat.c:872: return fat_expand(end_cluster, new_clen, 0);
   1CFF AF            [ 4] 4242 	xor	a, a
   1D00 F5            [11] 4243 	push	af
   1D01 33            [ 6] 4244 	inc	sp
   1D02 DD 6E EB      [19] 4245 	ld	l,-21 (ix)
   1D05 DD 66 EC      [19] 4246 	ld	h,-20 (ix)
   1D08 E5            [11] 4247 	push	hl
   1D09 DD 6E EF      [19] 4248 	ld	l,-17 (ix)
   1D0C DD 66 F0      [19] 4249 	ld	h,-16 (ix)
   1D0F E5            [11] 4250 	push	hl
   1D10 DD 6E ED      [19] 4251 	ld	l,-19 (ix)
   1D13 DD 66 EE      [19] 4252 	ld	h,-18 (ix)
   1D16 E5            [11] 4253 	push	hl
   1D17 CDr7Ar1F      [17] 4254 	call	_fat_expand
   1D1A F1            [10] 4255 	pop	af
   1D1B F1            [10] 4256 	pop	af
   1D1C F1            [10] 4257 	pop	af
   1D1D 33            [ 6] 4258 	inc	sp
   1D1E                    4259 00117$:
   1D1E DD F9         [10] 4260 	ld	sp,ix
   1D20 DD E1         [14] 4261 	pop	ix
   1D22 C9            [10] 4262 	ret
   1D23                    4263 _fat_resize_file_end::
                           4264 ;fat.c:877: u8 fat_seek_rec_end(u32 start_clust, u32 *end_clust) {
                           4265 ;	---------------------------------
                           4266 ; Function fat_seek_rec_end
                           4267 ; ---------------------------------
   1D23                    4268 _fat_seek_rec_end_start::
   1D23                    4269 _fat_seek_rec_end:
                           4270 ;fat.c:881: while (start_clust != FAT_END_VAL) {
   1D23                    4271 00103$:
   1D23 FD 21 02 00   [14] 4272 	ld	iy,#2
   1D27 FD 39         [15] 4273 	add	iy,sp
   1D29 FD 7E 00      [19] 4274 	ld	a,0 (iy)
   1D2C 3C            [ 4] 4275 	inc	a
   1D2D 20 13         [12] 4276 	jr	NZ,00117$
   1D2F FD 7E 01      [19] 4277 	ld	a,1 (iy)
   1D32 3C            [ 4] 4278 	inc	a
   1D33 20 0D         [12] 4279 	jr	NZ,00117$
   1D35 FD 7E 02      [19] 4280 	ld	a,2 (iy)
   1D38 3C            [ 4] 4281 	inc	a
   1D39 20 07         [12] 4282 	jr	NZ,00117$
   1D3B FD 7E 03      [19] 4283 	ld	a,3 (iy)
   1D3E D6 0F         [ 7] 4284 	sub	a, #0x0F
   1D40 28 1E         [12] 4285 	jr	Z,00105$
   1D42                    4286 00117$:
                           4287 ;fat.c:882: *end_clust = start_clust;
   1D42 21 06 00      [10] 4288 	ld	hl, #6
   1D45 39            [11] 4289 	add	hl, sp
   1D46 5E            [ 7] 4290 	ld	e, (hl)
   1D47 23            [ 6] 4291 	inc	hl
   1D48 56            [ 7] 4292 	ld	d, (hl)
   1D49 21 02 00      [10] 4293 	ld	hl, #0x0002
   1D4C 39            [11] 4294 	add	hl, sp
   1D4D 01 04 00      [10] 4295 	ld	bc, #0x0004
   1D50 ED B0         [21] 4296 	ldir
                           4297 ;fat.c:883: resp = fat_get_next_cluster(&start_clust);
   1D52 21 02 00      [10] 4298 	ld	hl,#0x0002
   1D55 39            [11] 4299 	add	hl,sp
   1D56 E5            [11] 4300 	push	hl
   1D57 CDrE6r09      [17] 4301 	call	_fat_get_next_cluster
   1D5A F1            [10] 4302 	pop	af
                           4303 ;fat.c:885: if (resp)return resp;
   1D5B 7D            [ 4] 4304 	ld	a,l
   1D5C B7            [ 4] 4305 	or	a, a
   1D5D 28 C4         [12] 4306 	jr	Z,00103$
   1D5F C9            [10] 4307 	ret
   1D60                    4308 00105$:
                           4309 ;fat.c:888: return 0;
   1D60 2E 00         [ 7] 4310 	ld	l,#0x00
   1D62 C9            [10] 4311 	ret
   1D63                    4312 _fat_seek_rec_end_end::
                           4313 ;fat.c:891: u8 fat_join(u32 last_clust, u32 next_clust) {
                           4314 ;	---------------------------------
                           4315 ; Function fat_join
                           4316 ; ---------------------------------
   1D63                    4317 _fat_join_start::
   1D63                    4318 _fat_join:
   1D63 DD E5         [15] 4319 	push	ix
   1D65 DD 21 00 00   [14] 4320 	ld	ix,#0
   1D69 DD 39         [15] 4321 	add	ix,sp
   1D6B F5            [11] 4322 	push	af
   1D6C F5            [11] 4323 	push	af
                           4324 ;fat.c:897: resp = fat_get_table_record(last_clust, &val);
   1D6D 21 00 00      [10] 4325 	ld	hl,#0x0000
   1D70 39            [11] 4326 	add	hl,sp
   1D71 E5            [11] 4327 	push	hl
   1D72 DD 6E 06      [19] 4328 	ld	l,6 (ix)
   1D75 DD 66 07      [19] 4329 	ld	h,7 (ix)
   1D78 E5            [11] 4330 	push	hl
   1D79 DD 6E 04      [19] 4331 	ld	l,4 (ix)
   1D7C DD 66 05      [19] 4332 	ld	h,5 (ix)
   1D7F E5            [11] 4333 	push	hl
   1D80 CDr86r09      [17] 4334 	call	_fat_get_table_record
   1D83 F1            [10] 4335 	pop	af
   1D84 F1            [10] 4336 	pop	af
   1D85 F1            [10] 4337 	pop	af
   1D86 4D            [ 4] 4338 	ld	c,l
                           4339 ;fat.c:898: if (resp)return resp;
   1D87 79            [ 4] 4340 	ld	a,c
   1D88 B7            [ 4] 4341 	or	a, a
   1D89 28 03         [12] 4342 	jr	Z,00102$
   1D8B 69            [ 4] 4343 	ld	l,c
   1D8C 18 58         [12] 4344 	jr	00105$
   1D8E                    4345 00102$:
                           4346 ;fat.c:900: if (val != FAT_END_VAL)return FAT_ERR_NOT_LAST;
   1D8E DD 7E FC      [19] 4347 	ld	a,-4 (ix)
   1D91 3C            [ 4] 4348 	inc	a
   1D92 20 13         [12] 4349 	jr	NZ,00113$
   1D94 DD 7E FD      [19] 4350 	ld	a,-3 (ix)
   1D97 3C            [ 4] 4351 	inc	a
   1D98 20 0D         [12] 4352 	jr	NZ,00113$
   1D9A DD 7E FE      [19] 4353 	ld	a,-2 (ix)
   1D9D 3C            [ 4] 4354 	inc	a
   1D9E 20 07         [12] 4355 	jr	NZ,00113$
   1DA0 DD 7E FF      [19] 4356 	ld	a,-1 (ix)
   1DA3 D6 0F         [ 7] 4357 	sub	a, #0x0F
   1DA5 28 04         [12] 4358 	jr	Z,00104$
   1DA7                    4359 00113$:
   1DA7 2E FE         [ 7] 4360 	ld	l,#0xFE
   1DA9 18 3B         [12] 4361 	jr	00105$
   1DAB                    4362 00104$:
                           4363 ;fat.c:902: ptr = (u8 *) & fat_tab[(last_clust & 127) * 4];
   1DAB DD 5E 04      [19] 4364 	ld	e,4 (ix)
   1DAE CB BB         [ 8] 4365 	res	7, e
   1DB0 16 00         [ 7] 4366 	ld	d,#0x00
   1DB2 01 00 00      [10] 4367 	ld	bc,#0x0000
   1DB5 3E 02         [ 7] 4368 	ld	a,#0x02
   1DB7                    4369 00114$:
   1DB7 CB 23         [ 8] 4370 	sla	e
   1DB9 CB 12         [ 8] 4371 	rl	d
   1DBB CB 11         [ 8] 4372 	rl	c
   1DBD CB 10         [ 8] 4373 	rl	b
   1DBF 3D            [ 4] 4374 	dec	a
   1DC0 20 F5         [12] 4375 	jr	NZ,00114$
   1DC2 3Ar34r00      [13] 4376 	ld	a,(#_fat_tab + 0)
   1DC5 83            [ 4] 4377 	add	a, e
   1DC6 5F            [ 4] 4378 	ld	e,a
   1DC7 3Ar35r00      [13] 4379 	ld	a,(#_fat_tab + 1)
   1DCA 8A            [ 4] 4380 	adc	a, d
   1DCB 57            [ 4] 4381 	ld	d,a
                           4382 ;fat.c:903: fat_int_to_bytes_le(next_clust, ptr);
   1DCC D5            [11] 4383 	push	de
   1DCD DD 6E 0A      [19] 4384 	ld	l,10 (ix)
   1DD0 DD 66 0B      [19] 4385 	ld	h,11 (ix)
   1DD3 E5            [11] 4386 	push	hl
   1DD4 DD 6E 08      [19] 4387 	ld	l,8 (ix)
   1DD7 DD 66 09      [19] 4388 	ld	h,9 (ix)
   1DDA E5            [11] 4389 	push	hl
   1DDB CDr0Br17      [17] 4390 	call	_fat_int_to_bytes_le
   1DDE 21 06 00      [10] 4391 	ld	hl,#0x0006
   1DE1 39            [11] 4392 	add	hl,sp
   1DE2 F9            [ 6] 4393 	ld	sp,hl
                           4394 ;fat.c:905: return fat_cache_save_tab();
   1DE3 CDrE3r18      [17] 4395 	call	_fat_cache_save_tab
   1DE6                    4396 00105$:
   1DE6 DD F9         [10] 4397 	ld	sp,ix
   1DE8 DD E1         [14] 4398 	pop	ix
   1DEA C9            [10] 4399 	ret
   1DEB                    4400 _fat_join_end::
                           4401 ;fat.c:908: u8 fat_write_file(u8 *src, u16 slen) {
                           4402 ;	---------------------------------
                           4403 ; Function fat_write_file
                           4404 ; ---------------------------------
   1DEB                    4405 _fat_write_file_start::
   1DEB                    4406 _fat_write_file:
   1DEB DD E5         [15] 4407 	push	ix
   1DED DD 21 00 00   [14] 4408 	ld	ix,#0
   1DF1 DD 39         [15] 4409 	add	ix,sp
   1DF3 21 F5 FF      [10] 4410 	ld	hl,#-11
   1DF6 39            [11] 4411 	add	hl,sp
   1DF7 F9            [ 6] 4412 	ld	sp,hl
                           4413 ;fat.c:913: if (!file.wr_slen)return FAT_ERR_FILE_MODE2;
   1DF8 01r48r02      [10] 4414 	ld	bc,#_file + 14
   1DFB 0A            [ 7] 4415 	ld	a,(bc)
   1DFC 5F            [ 4] 4416 	ld	e,a
   1DFD B7            [ 4] 4417 	or	a, a
   1DFE 20 05         [12] 4418 	jr	NZ,00102$
   1E00 2E F8         [ 7] 4419 	ld	l,#0xF8
   1E02 C3r75r1F      [10] 4420 	jp	00124$
   1E05                    4421 00102$:
                           4422 ;fat.c:914: if (file.sec_available < slen)return FAT_ERR_OUT_OF_FILE_WR;
   1E05 2Ar46r02      [16] 4423 	ld	hl, (#(_file + 0x000c) + 0)
   1E08 7D            [ 4] 4424 	ld	a,l
   1E09 DD 96 06      [19] 4425 	sub	a, 6 (ix)
   1E0C 7C            [ 4] 4426 	ld	a,h
   1E0D DD 9E 07      [19] 4427 	sbc	a, 7 (ix)
   1E10 30 05         [12] 4428 	jr	NC,00104$
   1E12 2E FD         [ 7] 4429 	ld	l,#0xFD
   1E14 C3r75r1F      [10] 4430 	jp	00124$
   1E17                    4431 00104$:
                           4432 ;fat.c:915: file.sec_available -= slen;
   1E17 7D            [ 4] 4433 	ld	a,l
   1E18 DD 96 06      [19] 4434 	sub	a, 6 (ix)
   1E1B 5F            [ 4] 4435 	ld	e,a
   1E1C 7C            [ 4] 4436 	ld	a,h
   1E1D DD 9E 07      [19] 4437 	sbc	a, 7 (ix)
   1E20 57            [ 4] 4438 	ld	d,a
   1E21 ED 53r46r02   [20] 4439 	ld	((_file + 0x000c)), de
                           4440 ;fat.c:916: if (file.sec_available == 0)file.wr_slen = 0;
   1E25 7A            [ 4] 4441 	ld	a,d
   1E26 B3            [ 4] 4442 	or	a,e
   1E27 20 02         [12] 4443 	jr	NZ,00138$
   1E29 AF            [ 4] 4444 	xor	a, a
   1E2A 02            [ 7] 4445 	ld	(bc),a
                           4446 ;fat.c:918: while (slen) {
   1E2B                    4447 00138$:
   1E2B                    4448 00121$:
   1E2B DD 7E 07      [19] 4449 	ld	a,7 (ix)
   1E2E DD B6 06      [19] 4450 	or	a,6 (ix)
   1E31 CAr73r1F      [10] 4451 	jp	Z,00123$
                           4452 ;fat.c:920: if (file.in_cluster == 0) {
   1E34 21r49r02      [10] 4453 	ld	hl, #(_file + 0x000f) + 0
   1E37 5E            [ 7] 4454 	ld	e,(hl)
                           4455 ;fat.c:921: len = slen > fat_cluster_size ? fat_cluster_size : slen;
   1E38 DD 7E 06      [19] 4456 	ld	a,6 (ix)
   1E3B DD 77 FE      [19] 4457 	ld	-2 (ix),a
   1E3E DD 7E 07      [19] 4458 	ld	a,7 (ix)
   1E41 DD 77 FF      [19] 4459 	ld	-1 (ix),a
                           4460 ;fat.c:920: if (file.in_cluster == 0) {
   1E44 7B            [ 4] 4461 	ld	a,e
   1E45 B7            [ 4] 4462 	or	a, a
   1E46 20 3A         [12] 4463 	jr	NZ,00110$
                           4464 ;fat.c:921: len = slen > fat_cluster_size ? fat_cluster_size : slen;
   1E48 3Ar22r00      [13] 4465 	ld	a,(#_fat_cluster_size + 0)
   1E4B DD 77 F8      [19] 4466 	ld	-8 (ix),a
   1E4E DD 36 F9 00   [19] 4467 	ld	-7 (ix),#0x00
   1E52 DD 7E F8      [19] 4468 	ld	a,-8 (ix)
   1E55 DD 96 06      [19] 4469 	sub	a, 6 (ix)
   1E58 DD 7E F9      [19] 4470 	ld	a,-7 (ix)
   1E5B DD 9E 07      [19] 4471 	sbc	a, 7 (ix)
   1E5E 30 0E         [12] 4472 	jr	NC,00126$
   1E60 DD 7E F8      [19] 4473 	ld	a,-8 (ix)
   1E63 DD 77 F6      [19] 4474 	ld	-10 (ix),a
   1E66 DD 7E F9      [19] 4475 	ld	a,-7 (ix)
   1E69 DD 77 F7      [19] 4476 	ld	-9 (ix),a
   1E6C 18 0C         [12] 4477 	jr	00127$
   1E6E                    4478 00126$:
   1E6E DD 7E FE      [19] 4479 	ld	a,-2 (ix)
   1E71 DD 77 F6      [19] 4480 	ld	-10 (ix),a
   1E74 DD 7E FF      [19] 4481 	ld	a,-1 (ix)
   1E77 DD 77 F7      [19] 4482 	ld	-9 (ix),a
   1E7A                    4483 00127$:
   1E7A DD 4E F6      [19] 4484 	ld	c,-10 (ix)
   1E7D DD 46 F7      [19] 4485 	ld	b,-9 (ix)
   1E80 18 21         [12] 4486 	jr	00111$
   1E82                    4487 00110$:
                           4488 ;fat.c:923: len = fat_cluster_size - file.in_cluster;
   1E82 FD 21r22r00   [14] 4489 	ld	iy,#_fat_cluster_size
   1E86 FD 6E 00      [19] 4490 	ld	l,0 (iy)
   1E89 26 00         [ 7] 4491 	ld	h,#0x00
   1E8B 16 00         [ 7] 4492 	ld	d,#0x00
   1E8D 7D            [ 4] 4493 	ld	a,l
   1E8E 93            [ 4] 4494 	sub	a, e
   1E8F 4F            [ 4] 4495 	ld	c,a
   1E90 7C            [ 4] 4496 	ld	a,h
   1E91 9A            [ 4] 4497 	sbc	a, d
   1E92 47            [ 4] 4498 	ld	b,a
                           4499 ;fat.c:924: if (len > slen)len = slen;
   1E93 DD 7E 06      [19] 4500 	ld	a,6 (ix)
   1E96 91            [ 4] 4501 	sub	a, c
   1E97 DD 7E 07      [19] 4502 	ld	a,7 (ix)
   1E9A 98            [ 4] 4503 	sbc	a, b
   1E9B 30 06         [12] 4504 	jr	NC,00111$
   1E9D DD 4E FE      [19] 4505 	ld	c,-2 (ix)
   1EA0 DD 46 FF      [19] 4506 	ld	b,-1 (ix)
   1EA3                    4507 00111$:
                           4508 ;fat.c:928: resp = diskWrite(file.sector, src, len);
   1EA3 DD 5E 04      [19] 4509 	ld	e,4 (ix)
   1EA6 DD 56 05      [19] 4510 	ld	d,5 (ix)
   1EA9 D5            [11] 4511 	push	de
   1EAA FD E1         [14] 4512 	pop	iy
   1EAC 2Ar3Er02      [16] 4513 	ld	hl, (#(_file + 0x0004) + 0)
   1EAF ED 5Br40r02   [20] 4514 	ld	de, (#(_file + 0x0004) + 2)
   1EB3 C5            [11] 4515 	push	bc
   1EB4 C5            [11] 4516 	push	bc
   1EB5 FD E5         [15] 4517 	push	iy
   1EB7 D5            [11] 4518 	push	de
   1EB8 E5            [11] 4519 	push	hl
   1EB9 CDr00r00      [17] 4520 	call	_diskWrite
   1EBC F1            [10] 4521 	pop	af
   1EBD F1            [10] 4522 	pop	af
   1EBE F1            [10] 4523 	pop	af
   1EBF F1            [10] 4524 	pop	af
   1EC0 C1            [10] 4525 	pop	bc
                           4526 ;fat.c:929: if (resp)return resp;
   1EC1 DD 75 F5      [19] 4527 	ld	-11 (ix), l
   1EC4 7D            [ 4] 4528 	ld	a, l
   1EC5 B7            [ 4] 4529 	or	a, a
   1EC6 28 06         [12] 4530 	jr	Z,00113$
   1EC8 DD 6E F5      [19] 4531 	ld	l,-11 (ix)
   1ECB C3r75r1F      [10] 4532 	jp	00124$
   1ECE                    4533 00113$:
                           4534 ;fat.c:931: file.in_cluster += len;
   1ECE 21r49r02      [10] 4535 	ld	hl, #(_file + 0x000f) + 0
   1ED1 66            [ 7] 4536 	ld	h,(hl)
   1ED2 69            [ 4] 4537 	ld	l,c
   1ED3 7C            [ 4] 4538 	ld	a,h
   1ED4 85            [ 4] 4539 	add	a, l
   1ED5 57            [ 4] 4540 	ld	d,a
   1ED6 21r49r02      [10] 4541 	ld	hl,#(_file + 0x000f)
   1ED9 72            [ 7] 4542 	ld	(hl),d
                           4543 ;fat.c:932: src += len * 512;
   1EDA 79            [ 4] 4544 	ld	a,c
   1EDB 87            [ 4] 4545 	add	a, a
   1EDC 6F            [ 4] 4546 	ld	l,a
   1EDD 26 00         [ 7] 4547 	ld	h,#0x00
   1EDF DD 7E 04      [19] 4548 	ld	a,4 (ix)
   1EE2 84            [ 4] 4549 	add	a, h
   1EE3 DD 77 04      [19] 4550 	ld	4 (ix),a
   1EE6 DD 7E 05      [19] 4551 	ld	a,5 (ix)
   1EE9 8D            [ 4] 4552 	adc	a, l
   1EEA DD 77 05      [19] 4553 	ld	5 (ix),a
                           4554 ;fat.c:933: slen -= len;
   1EED DD 7E 06      [19] 4555 	ld	a,6 (ix)
   1EF0 91            [ 4] 4556 	sub	a, c
   1EF1 DD 77 06      [19] 4557 	ld	6 (ix),a
   1EF4 DD 7E 07      [19] 4558 	ld	a,7 (ix)
   1EF7 98            [ 4] 4559 	sbc	a, b
   1EF8 DD 77 07      [19] 4560 	ld	7 (ix),a
                           4561 ;fat.c:935: if (file.in_cluster == fat_cluster_size) {
   1EFB FD 21r22r00   [14] 4562 	ld	iy,#_fat_cluster_size
   1EFF FD 7E 00      [19] 4563 	ld	a,0 (iy)
   1F02 92            [ 4] 4564 	sub	a, d
   1F03 20 3D         [12] 4565 	jr	NZ,00119$
                           4566 ;fat.c:936: file.in_cluster = 0;
   1F05 21r49r02      [10] 4567 	ld	hl,#(_file + 0x000f)
   1F08 36 00         [10] 4568 	ld	(hl),#0x00
                           4569 ;fat.c:937: resp = fat_get_next_cluster(&file.cluster);
   1F0A 21r3Ar02      [10] 4570 	ld	hl,#_file
   1F0D E5            [11] 4571 	push	hl
   1F0E CDrE6r09      [17] 4572 	call	_fat_get_next_cluster
   1F11 F1            [10] 4573 	pop	af
                           4574 ;fat.c:938: if (resp)return resp;
   1F12 DD 75 F5      [19] 4575 	ld	-11 (ix), l
   1F15 7D            [ 4] 4576 	ld	a, l
   1F16 B7            [ 4] 4577 	or	a, a
   1F17 28 05         [12] 4578 	jr	Z,00115$
   1F19 DD 6E F5      [19] 4579 	ld	l,-11 (ix)
   1F1C 18 57         [12] 4580 	jr	00124$
   1F1E                    4581 00115$:
                           4582 ;fat.c:939: file.sector = fat_cluster_to_sector(file.cluster);
   1F1E 2Ar3Ar02      [16] 4583 	ld	hl, (#_file + 0)
   1F21 ED 5Br3Cr02   [20] 4584 	ld	de, (#_file + 2)
   1F25 D5            [11] 4585 	push	de
   1F26 E5            [11] 4586 	push	hl
   1F27 CDr2Dr08      [17] 4587 	call	_fat_cluster_to_sector
   1F2A F1            [10] 4588 	pop	af
   1F2B F1            [10] 4589 	pop	af
   1F2C 4D            [ 4] 4590 	ld	c,l
   1F2D 44            [ 4] 4591 	ld	b,h
   1F2E ED 43r3Er02   [20] 4592 	ld	((_file + 0x0004)), bc
   1F32 ED 53r40r02   [20] 4593 	ld	((_file + 0x0004) + 2), de
                           4594 ;fat.c:940: if (resp)return resp;
   1F36 DD 7E F5      [19] 4595 	ld	a,-11 (ix)
   1F39 B7            [ 4] 4596 	or	a, a
   1F3A CAr2Br1E      [10] 4597 	jp	Z,00121$
   1F3D DD 6E F5      [19] 4598 	ld	l,-11 (ix)
   1F40 18 33         [12] 4599 	jr	00124$
   1F42                    4600 00119$:
                           4601 ;fat.c:942: file.sector += len;
   1F42 C5            [11] 4602 	push	bc
   1F43 11r3Er02      [10] 4603 	ld	de,#(_file + 0x0004)
   1F46 21 07 00      [10] 4604 	ld	hl, #0x0007
   1F49 39            [11] 4605 	add	hl, sp
   1F4A EB            [ 4] 4606 	ex	de, hl
   1F4B 01 04 00      [10] 4607 	ld	bc, #0x0004
   1F4E ED B0         [21] 4608 	ldir
   1F50 C1            [10] 4609 	pop	bc
   1F51 21 00 00      [10] 4610 	ld	hl,#0x0000
   1F54 DD 7E FA      [19] 4611 	ld	a,-6 (ix)
   1F57 81            [ 4] 4612 	add	a, c
   1F58 5F            [ 4] 4613 	ld	e,a
   1F59 DD 7E FB      [19] 4614 	ld	a,-5 (ix)
   1F5C 88            [ 4] 4615 	adc	a, b
   1F5D 57            [ 4] 4616 	ld	d,a
   1F5E DD 7E FC      [19] 4617 	ld	a,-4 (ix)
   1F61 8D            [ 4] 4618 	adc	a, l
   1F62 4F            [ 4] 4619 	ld	c,a
   1F63 DD 7E FD      [19] 4620 	ld	a,-3 (ix)
   1F66 8C            [ 4] 4621 	adc	a, h
   1F67 47            [ 4] 4622 	ld	b,a
   1F68 ED 53r3Er02   [20] 4623 	ld	((_file + 0x0004)), de
   1F6C ED 43r40r02   [20] 4624 	ld	((_file + 0x0004) + 2), bc
   1F70 C3r2Br1E      [10] 4625 	jp	00121$
   1F73                    4626 00123$:
                           4627 ;fat.c:947: return 0;
   1F73 2E 00         [ 7] 4628 	ld	l,#0x00
   1F75                    4629 00124$:
   1F75 DD F9         [10] 4630 	ld	sp,ix
   1F77 DD E1         [14] 4631 	pop	ix
   1F79 C9            [10] 4632 	ret
   1F7A                    4633 _fat_write_file_end::
                           4634 ;fat.c:950: u8 fat_expand(u32 last_clust, u16 csize, u8 clean) {
                           4635 ;	---------------------------------
                           4636 ; Function fat_expand
                           4637 ; ---------------------------------
   1F7A                    4638 _fat_expand_start::
   1F7A                    4639 _fat_expand:
   1F7A F5            [11] 4640 	push	af
   1F7B F5            [11] 4641 	push	af
                           4642 ;fat.c:956: resp = fat_seek_free_cluster(&free_clust, csize);
   1F7C 21 00 00      [10] 4643 	ld	hl,#0x0000
   1F7F 39            [11] 4644 	add	hl,sp
   1F80 D5            [11] 4645 	push	de
   1F81 FD 21 0C 00   [14] 4646 	ld	iy,#12
   1F85 FD 39         [15] 4647 	add	iy,sp
   1F87 FD 4E 00      [19] 4648 	ld	c,0 (iy)
   1F8A FD 46 01      [19] 4649 	ld	b,1 (iy)
   1F8D C5            [11] 4650 	push	bc
   1F8E E5            [11] 4651 	push	hl
   1F8F CDr1Cr17      [17] 4652 	call	_fat_seek_free_cluster
   1F92 F1            [10] 4653 	pop	af
   1F93 F1            [10] 4654 	pop	af
   1F94 D1            [10] 4655 	pop	de
   1F95 55            [ 4] 4656 	ld	d,l
                           4657 ;fat.c:957: if (resp)return resp;
   1F96 7A            [ 4] 4658 	ld	a,d
   1F97 B7            [ 4] 4659 	or	a, a
   1F98 28 04         [12] 4660 	jr	Z,00102$
   1F9A 6A            [ 4] 4661 	ld	l,d
   1F9B C3r39r20      [10] 4662 	jp	00111$
   1F9E                    4663 00102$:
                           4664 ;fat.c:959: resp = fat_catch_clusters(free_clust, csize);
   1F9E D5            [11] 4665 	push	de
   1F9F 21 0C 00      [10] 4666 	ld	hl, #12
   1FA2 39            [11] 4667 	add	hl, sp
   1FA3 4E            [ 7] 4668 	ld	c, (hl)
   1FA4 23            [ 6] 4669 	inc	hl
   1FA5 46            [ 7] 4670 	ld	b, (hl)
   1FA6 C5            [11] 4671 	push	bc
   1FA7 FD 21 04 00   [14] 4672 	ld	iy,#4
   1FAB FD 39         [15] 4673 	add	iy,sp
   1FAD FD 6E 02      [19] 4674 	ld	l,2 (iy)
   1FB0 FD 66 03      [19] 4675 	ld	h,3 (iy)
   1FB3 E5            [11] 4676 	push	hl
   1FB4 FD 6E 00      [19] 4677 	ld	l,0 (iy)
   1FB7 FD 66 01      [19] 4678 	ld	h,1 (iy)
   1FBA E5            [11] 4679 	push	hl
   1FBB CDr79r19      [17] 4680 	call	_fat_catch_clusters
   1FBE F1            [10] 4681 	pop	af
   1FBF F1            [10] 4682 	pop	af
   1FC0 F1            [10] 4683 	pop	af
   1FC1 D1            [10] 4684 	pop	de
   1FC2 55            [ 4] 4685 	ld	d,l
                           4686 ;fat.c:960: if (resp)return resp;
   1FC3 7A            [ 4] 4687 	ld	a,d
   1FC4 B7            [ 4] 4688 	or	a, a
   1FC5 28 03         [12] 4689 	jr	Z,00104$
   1FC7 6A            [ 4] 4690 	ld	l,d
   1FC8 18 6F         [12] 4691 	jr	00111$
   1FCA                    4692 00104$:
                           4693 ;fat.c:963: resp = fat_join(last_clust, free_clust);
   1FCA D5            [11] 4694 	push	de
   1FCB FD 21 02 00   [14] 4695 	ld	iy,#2
   1FCF FD 39         [15] 4696 	add	iy,sp
   1FD1 FD 6E 02      [19] 4697 	ld	l,2 (iy)
   1FD4 FD 66 03      [19] 4698 	ld	h,3 (iy)
   1FD7 E5            [11] 4699 	push	hl
   1FD8 FD 6E 00      [19] 4700 	ld	l,0 (iy)
   1FDB FD 66 01      [19] 4701 	ld	h,1 (iy)
   1FDE E5            [11] 4702 	push	hl
   1FDF FD 21 0C 00   [14] 4703 	ld	iy,#12
   1FE3 FD 39         [15] 4704 	add	iy,sp
   1FE5 FD 6E 02      [19] 4705 	ld	l,2 (iy)
   1FE8 FD 66 03      [19] 4706 	ld	h,3 (iy)
   1FEB E5            [11] 4707 	push	hl
   1FEC FD 6E 00      [19] 4708 	ld	l,0 (iy)
   1FEF FD 66 01      [19] 4709 	ld	h,1 (iy)
   1FF2 E5            [11] 4710 	push	hl
   1FF3 CDr63r1D      [17] 4711 	call	_fat_join
   1FF6 F1            [10] 4712 	pop	af
   1FF7 F1            [10] 4713 	pop	af
   1FF8 F1            [10] 4714 	pop	af
   1FF9 F1            [10] 4715 	pop	af
   1FFA D1            [10] 4716 	pop	de
   1FFB 55            [ 4] 4717 	ld	d,l
                           4718 ;fat.c:964: if (resp)return resp;
   1FFC 7A            [ 4] 4719 	ld	a,d
   1FFD B7            [ 4] 4720 	or	a, a
   1FFE 28 03         [12] 4721 	jr	Z,00106$
   2000 6A            [ 4] 4722 	ld	l,d
   2001 18 36         [12] 4723 	jr	00111$
   2003                    4724 00106$:
                           4725 ;fat.c:966: if (clean) {
   2003 21 0C 00      [10] 4726 	ld	hl, #12+0
   2006 39            [11] 4727 	add	hl, sp
   2007 7E            [ 7] 4728 	ld	a, (hl)
   2008 B7            [ 4] 4729 	or	a, a
   2009 28 2C         [12] 4730 	jr	Z,00110$
                           4731 ;fat.c:968: resp = fat_clean_cluster(free_clust, csize);
   200B D5            [11] 4732 	push	de
   200C 21 0C 00      [10] 4733 	ld	hl, #12
   200F 39            [11] 4734 	add	hl, sp
   2010 4E            [ 7] 4735 	ld	c, (hl)
   2011 23            [ 6] 4736 	inc	hl
   2012 46            [ 7] 4737 	ld	b, (hl)
   2013 C5            [11] 4738 	push	bc
   2014 FD 21 04 00   [14] 4739 	ld	iy,#4
   2018 FD 39         [15] 4740 	add	iy,sp
   201A FD 6E 02      [19] 4741 	ld	l,2 (iy)
   201D FD 66 03      [19] 4742 	ld	h,3 (iy)
   2020 E5            [11] 4743 	push	hl
   2021 FD 6E 00      [19] 4744 	ld	l,0 (iy)
   2024 FD 66 01      [19] 4745 	ld	h,1 (iy)
   2027 E5            [11] 4746 	push	hl
   2028 CDr3Cr20      [17] 4747 	call	_fat_clean_cluster
   202B F1            [10] 4748 	pop	af
   202C F1            [10] 4749 	pop	af
   202D F1            [10] 4750 	pop	af
   202E D1            [10] 4751 	pop	de
   202F 55            [ 4] 4752 	ld	d,l
                           4753 ;fat.c:969: if (resp)return resp;
   2030 7A            [ 4] 4754 	ld	a,d
   2031 B7            [ 4] 4755 	or	a, a
   2032 28 03         [12] 4756 	jr	Z,00110$
   2034 6A            [ 4] 4757 	ld	l,d
   2035 18 02         [12] 4758 	jr	00111$
   2037                    4759 00110$:
                           4760 ;fat.c:973: return 0;
   2037 2E 00         [ 7] 4761 	ld	l,#0x00
   2039                    4762 00111$:
   2039 F1            [10] 4763 	pop	af
   203A F1            [10] 4764 	pop	af
   203B C9            [10] 4765 	ret
   203C                    4766 _fat_expand_end::
                           4767 ;fat.c:976: u8 fat_clean_cluster(u32 cluster, u16 clen) {
                           4768 ;	---------------------------------
                           4769 ; Function fat_clean_cluster
                           4770 ; ---------------------------------
   203C                    4771 _fat_clean_cluster_start::
   203C                    4772 _fat_clean_cluster:
   203C DD E5         [15] 4773 	push	ix
   203E DD 21 00 00   [14] 4774 	ld	ix,#0
   2042 DD 39         [15] 4775 	add	ix,sp
   2044 21 F7 FF      [10] 4776 	ld	hl,#-9
   2047 39            [11] 4777 	add	hl,sp
   2048 F9            [ 6] 4778 	ld	sp,hl
                           4779 ;fat.c:982: sector = fat_cluster_to_sector(cluster);
   2049 DD 6E 06      [19] 4780 	ld	l,6 (ix)
   204C DD 66 07      [19] 4781 	ld	h,7 (ix)
   204F E5            [11] 4782 	push	hl
   2050 DD 6E 04      [19] 4783 	ld	l,4 (ix)
   2053 DD 66 05      [19] 4784 	ld	h,5 (ix)
   2056 E5            [11] 4785 	push	hl
   2057 CDr2Dr08      [17] 4786 	call	_fat_cluster_to_sector
   205A F1            [10] 4787 	pop	af
   205B F1            [10] 4788 	pop	af
   205C DD 75 F8      [19] 4789 	ld	-8 (ix),l
   205F DD 74 F9      [19] 4790 	ld	-7 (ix),h
   2062 DD 73 FA      [19] 4791 	ld	-6 (ix),e
   2065 DD 72 FB      [19] 4792 	ld	-5 (ix),d
                           4793 ;fat.c:983: fat_dat_sector = ~0;
   2068 21r0Cr00      [10] 4794 	ld	hl,#_fat_dat_sector + 0
   206B 36 FF         [10] 4795 	ld	(hl), #0xFF
   206D 21r0Dr00      [10] 4796 	ld	hl,#_fat_dat_sector + 1
   2070 36 FF         [10] 4797 	ld	(hl), #0xFF
   2072 21r0Er00      [10] 4798 	ld	hl,#_fat_dat_sector + 2
   2075 36 FF         [10] 4799 	ld	(hl), #0xFF
   2077 21r0Fr00      [10] 4800 	ld	hl,#_fat_dat_sector + 3
   207A 36 FF         [10] 4801 	ld	(hl), #0xFF
                           4802 ;fat.c:984: sysMemSet(fat_dat, 0, 512);
   207C ED 5Br32r00   [20] 4803 	ld	de,(_fat_dat)
   2080 21 00 02      [10] 4804 	ld	hl,#0x0200
   2083 E5            [11] 4805 	push	hl
   2084 AF            [ 4] 4806 	xor	a, a
   2085 F5            [11] 4807 	push	af
   2086 33            [ 6] 4808 	inc	sp
   2087 D5            [11] 4809 	push	de
   2088 CDr00r00      [17] 4810 	call	_sysMemSet
   208B F1            [10] 4811 	pop	af
   208C F1            [10] 4812 	pop	af
   208D 33            [ 6] 4813 	inc	sp
                           4814 ;fat.c:986: while (clen--) {
   208E DD 4E 08      [19] 4815 	ld	c,8 (ix)
   2091 DD 46 09      [19] 4816 	ld	b,9 (ix)
   2094                    4817 00104$:
   2094 59            [ 4] 4818 	ld	e,c
   2095 60            [ 4] 4819 	ld	h,b
   2096 0B            [ 6] 4820 	dec	bc
   2097 7C            [ 4] 4821 	ld	a,h
   2098 B3            [ 4] 4822 	or	a,e
   2099 28 77         [12] 4823 	jr	Z,00106$
                           4824 ;fat.c:987: for (i = 0; i < fat_cluster_size; i++) {
   209B DD 7E F8      [19] 4825 	ld	a,-8 (ix)
   209E DD 77 FC      [19] 4826 	ld	-4 (ix),a
   20A1 DD 7E F9      [19] 4827 	ld	a,-7 (ix)
   20A4 DD 77 FD      [19] 4828 	ld	-3 (ix),a
   20A7 DD 7E FA      [19] 4829 	ld	a,-6 (ix)
   20AA DD 77 FE      [19] 4830 	ld	-2 (ix),a
   20AD DD 7E FB      [19] 4831 	ld	a,-5 (ix)
   20B0 DD 77 FF      [19] 4832 	ld	-1 (ix),a
   20B3 DD 36 F7 00   [19] 4833 	ld	-9 (ix),#0x00
   20B7                    4834 00108$:
   20B7 21r22r00      [10] 4835 	ld	hl,#_fat_cluster_size
   20BA DD 7E F7      [19] 4836 	ld	a,-9 (ix)
   20BD 96            [ 7] 4837 	sub	a, (hl)
   20BE 30 D4         [12] 4838 	jr	NC,00104$
                           4839 ;fat.c:988: resp = diskWrite(sector, fat_dat, 1);
   20C0 2Ar32r00      [16] 4840 	ld	hl,(_fat_dat)
   20C3 C5            [11] 4841 	push	bc
   20C4 11 01 00      [10] 4842 	ld	de,#0x0001
   20C7 D5            [11] 4843 	push	de
   20C8 E5            [11] 4844 	push	hl
   20C9 DD 6E FE      [19] 4845 	ld	l,-2 (ix)
   20CC DD 66 FF      [19] 4846 	ld	h,-1 (ix)
   20CF E5            [11] 4847 	push	hl
   20D0 DD 6E FC      [19] 4848 	ld	l,-4 (ix)
   20D3 DD 66 FD      [19] 4849 	ld	h,-3 (ix)
   20D6 E5            [11] 4850 	push	hl
   20D7 CDr00r00      [17] 4851 	call	_diskWrite
   20DA F1            [10] 4852 	pop	af
   20DB F1            [10] 4853 	pop	af
   20DC F1            [10] 4854 	pop	af
   20DD F1            [10] 4855 	pop	af
   20DE C1            [10] 4856 	pop	bc
                           4857 ;fat.c:989: if (resp)return resp;
   20DF 7D            [ 4] 4858 	ld	a,l
   20E0 B7            [ 4] 4859 	or	a, a
   20E1 20 31         [12] 4860 	jr	NZ,00110$
                           4861 ;fat.c:990: sector++;
   20E3 DD 34 FC      [23] 4862 	inc	-4 (ix)
   20E6 20 0D         [12] 4863 	jr	NZ,00127$
   20E8 DD 34 FD      [23] 4864 	inc	-3 (ix)
   20EB 20 08         [12] 4865 	jr	NZ,00127$
   20ED DD 34 FE      [23] 4866 	inc	-2 (ix)
   20F0 20 03         [12] 4867 	jr	NZ,00127$
   20F2 DD 34 FF      [23] 4868 	inc	-1 (ix)
   20F5                    4869 00127$:
   20F5 DD 7E FC      [19] 4870 	ld	a,-4 (ix)
   20F8 DD 77 F8      [19] 4871 	ld	-8 (ix),a
   20FB DD 7E FD      [19] 4872 	ld	a,-3 (ix)
   20FE DD 77 F9      [19] 4873 	ld	-7 (ix),a
   2101 DD 7E FE      [19] 4874 	ld	a,-2 (ix)
   2104 DD 77 FA      [19] 4875 	ld	-6 (ix),a
   2107 DD 7E FF      [19] 4876 	ld	a,-1 (ix)
   210A DD 77 FB      [19] 4877 	ld	-5 (ix),a
                           4878 ;fat.c:987: for (i = 0; i < fat_cluster_size; i++) {
   210D DD 34 F7      [23] 4879 	inc	-9 (ix)
   2110 18 A5         [12] 4880 	jr	00108$
   2112                    4881 00106$:
                           4882 ;fat.c:994: return 0;
   2112 2E 00         [ 7] 4883 	ld	l,#0x00
   2114                    4884 00110$:
   2114 DD F9         [10] 4885 	ld	sp,ix
   2116 DD E1         [14] 4886 	pop	ix
   2118 C9            [10] 4887 	ret
   2119                    4888 _fat_clean_cluster_end::
                           4889 ;fat.c:1011: u8 fat_make_hdr(u8 *name, u8 rec_idx, u8 attrib, u32 entry, u32 size) {
                           4890 ;	---------------------------------
                           4891 ; Function fat_make_hdr
                           4892 ; ---------------------------------
   2119                    4893 _fat_make_hdr_start::
   2119                    4894 _fat_make_hdr:
   2119 DD E5         [15] 4895 	push	ix
   211B DD 21 00 00   [14] 4896 	ld	ix,#0
   211F DD 39         [15] 4897 	add	ix,sp
   2121 21 F9 FF      [10] 4898 	ld	hl,#-7
   2124 39            [11] 4899 	add	hl,sp
   2125 F9            [ 6] 4900 	ld	sp,hl
                           4901 ;fat.c:1018: date = osGetDate();
   2126 CDr00r00      [17] 4902 	call	_osGetDate
                           4903 ;fat.c:1019: time = osGetTime();
   2129 E5            [11] 4904 	push	hl
   212A CDr00r00      [17] 4905 	call	_osGetTime
   212D D1            [10] 4906 	pop	de
   212E DD 75 FB      [19] 4907 	ld	-5 (ix),l
   2131 DD 74 FC      [19] 4908 	ld	-4 (ix),h
                           4909 ;fat.c:1021: ptr = (u8 *) & fat_dat[(u16) rec_idx * 32];
   2134 DD 6E 06      [19] 4910 	ld	l,6 (ix)
   2137 26 00         [ 7] 4911 	ld	h,#0x00
   2139 29            [11] 4912 	add	hl, hl
   213A 29            [11] 4913 	add	hl, hl
   213B 29            [11] 4914 	add	hl, hl
   213C 29            [11] 4915 	add	hl, hl
   213D 29            [11] 4916 	add	hl, hl
   213E 4D            [ 4] 4917 	ld	c, l
   213F 44            [ 4] 4918 	ld	b, h
   2140 FD 2Ar32r00   [20] 4919 	ld	iy,(_fat_dat)
   2144 FD 09         [15] 4920 	add	iy, bc
   2146 FD E5         [15] 4921 	push	iy
   2148 F1            [10] 4922 	pop	af
   2149 DD 77 FA      [19] 4923 	ld	-6 (ix),a
   214C FD E5         [15] 4924 	push	iy
   214E 3B            [ 6] 4925 	dec	sp
   214F F1            [10] 4926 	pop	af
   2150 33            [ 6] 4927 	inc	sp
   2151 DD 77 F9      [19] 4928 	ld	-7 (ix),a
                           4929 ;fat.c:1023: for (i = 0; i < 11; i++)*ptr++ = name[i];
   2154 C1            [10] 4930 	pop	bc
   2155 C5            [11] 4931 	push	bc
   2156 DD 36 FD 00   [19] 4932 	ld	-3 (ix),#0x00
   215A                    4933 00103$:
   215A DD 7E 04      [19] 4934 	ld	a,4 (ix)
   215D DD 86 FD      [19] 4935 	add	a, -3 (ix)
   2160 6F            [ 4] 4936 	ld	l,a
   2161 DD 7E 05      [19] 4937 	ld	a,5 (ix)
   2164 CE 00         [ 7] 4938 	adc	a, #0x00
   2166 67            [ 4] 4939 	ld	h,a
   2167 7E            [ 7] 4940 	ld	a,(hl)
   2168 02            [ 7] 4941 	ld	(bc),a
   2169 03            [ 6] 4942 	inc	bc
   216A DD 34 FD      [23] 4943 	inc	-3 (ix)
   216D DD 7E FD      [19] 4944 	ld	a,-3 (ix)
   2170 D6 0B         [ 7] 4945 	sub	a, #0x0B
   2172 38 E6         [12] 4946 	jr	C,00103$
                           4947 ;fat.c:1024: *ptr++ = attrib;
   2174 DD 7E 07      [19] 4948 	ld	a,7 (ix)
   2177 02            [ 7] 4949 	ld	(bc),a
   2178 03            [ 6] 4950 	inc	bc
   2179 33            [ 6] 4951 	inc	sp
   217A 33            [ 6] 4952 	inc	sp
   217B C5            [11] 4953 	push	bc
                           4954 ;fat.c:1025: for (i = 0; i < 8; i++)ptr++;
   217C 2E 08         [ 7] 4955 	ld	l,#0x08
   217E DD 7E F9      [19] 4956 	ld	a,-7 (ix)
   2181 DD 77 FE      [19] 4957 	ld	-2 (ix),a
   2184 DD 7E FA      [19] 4958 	ld	a,-6 (ix)
   2187 DD 77 FF      [19] 4959 	ld	-1 (ix),a
   218A                    4960 00107$:
   218A DD 34 FE      [23] 4961 	inc	-2 (ix)
   218D 20 03         [12] 4962 	jr	NZ,00124$
   218F DD 34 FF      [23] 4963 	inc	-1 (ix)
   2192                    4964 00124$:
   2192 2D            [ 4] 4965 	dec	l
   2193 7D            [ 4] 4966 	ld	a,l
   2194 B7            [ 4] 4967 	or	a, a
   2195 20 F3         [12] 4968 	jr	NZ,00107$
                           4969 ;fat.c:1027: *ptr++ = (entry >> 16) & 0xff;
   2197 F5            [11] 4970 	push	af
   2198 DD 46 08      [19] 4971 	ld	b,8 (ix)
   219B DD 66 09      [19] 4972 	ld	h,9 (ix)
   219E DD 6E 0A      [19] 4973 	ld	l,10 (ix)
   21A1 DD 4E 0B      [19] 4974 	ld	c,11 (ix)
   21A4 F1            [10] 4975 	pop	af
   21A5 3E 10         [ 7] 4976 	ld	a,#0x10
   21A7                    4977 00125$:
   21A7 CB 39         [ 8] 4978 	srl	c
   21A9 CB 1D         [ 8] 4979 	rr	l
   21AB CB 1C         [ 8] 4980 	rr	h
   21AD CB 18         [ 8] 4981 	rr	b
   21AF 3D            [ 4] 4982 	dec	a
   21B0 20 F5         [12] 4983 	jr	NZ,00125$
   21B2 DD 6E FE      [19] 4984 	ld	l,-2 (ix)
   21B5 DD 66 FF      [19] 4985 	ld	h,-1 (ix)
   21B8 70            [ 7] 4986 	ld	(hl),b
   21B9 DD 7E FE      [19] 4987 	ld	a,-2 (ix)
   21BC C6 01         [ 7] 4988 	add	a, #0x01
   21BE DD 77 F9      [19] 4989 	ld	-7 (ix),a
   21C1 DD 7E FF      [19] 4990 	ld	a,-1 (ix)
   21C4 CE 00         [ 7] 4991 	adc	a, #0x00
   21C6 DD 77 FA      [19] 4992 	ld	-6 (ix),a
                           4993 ;fat.c:1028: *ptr++ = (entry >> 24) & 0xff;
   21C9 F5            [11] 4994 	push	af
   21CA DD 46 08      [19] 4995 	ld	b,8 (ix)
   21CD DD 66 09      [19] 4996 	ld	h,9 (ix)
   21D0 DD 6E 0A      [19] 4997 	ld	l,10 (ix)
   21D3 DD 4E 0B      [19] 4998 	ld	c,11 (ix)
   21D6 F1            [10] 4999 	pop	af
   21D7 3E 18         [ 7] 5000 	ld	a,#0x18
   21D9                    5001 00127$:
   21D9 CB 39         [ 8] 5002 	srl	c
   21DB CB 1D         [ 8] 5003 	rr	l
   21DD CB 1C         [ 8] 5004 	rr	h
   21DF CB 18         [ 8] 5005 	rr	b
   21E1 3D            [ 4] 5006 	dec	a
   21E2 20 F5         [12] 5007 	jr	NZ,00127$
   21E4 E1            [10] 5008 	pop	hl
   21E5 E5            [11] 5009 	push	hl
   21E6 70            [ 7] 5010 	ld	(hl),b
   21E7 DD 34 F9      [23] 5011 	inc	-7 (ix)
   21EA 20 03         [12] 5012 	jr	NZ,00129$
   21EC DD 34 FA      [23] 5013 	inc	-6 (ix)
   21EF                    5014 00129$:
                           5015 ;fat.c:1030: *ptr++ = time & 0xff; //time
   21EF DD 46 FB      [19] 5016 	ld	b,-5 (ix)
   21F2 E1            [10] 5017 	pop	hl
   21F3 E5            [11] 5018 	push	hl
   21F4 70            [ 7] 5019 	ld	(hl),b
   21F5 DD 34 F9      [23] 5020 	inc	-7 (ix)
   21F8 20 03         [12] 5021 	jr	NZ,00130$
   21FA DD 34 FA      [23] 5022 	inc	-6 (ix)
   21FD                    5023 00130$:
                           5024 ;fat.c:1031: *ptr++ = time >> 8;
   21FD DD 46 FC      [19] 5025 	ld	b,-4 (ix)
   2200 E1            [10] 5026 	pop	hl
   2201 E5            [11] 5027 	push	hl
   2202 70            [ 7] 5028 	ld	(hl),b
   2203 DD 34 F9      [23] 5029 	inc	-7 (ix)
   2206 20 03         [12] 5030 	jr	NZ,00131$
   2208 DD 34 FA      [23] 5031 	inc	-6 (ix)
   220B                    5032 00131$:
                           5033 ;fat.c:1033: *ptr++ = date & 0xff; //date
   220B 43            [ 4] 5034 	ld	b,e
   220C E1            [10] 5035 	pop	hl
   220D E5            [11] 5036 	push	hl
   220E 70            [ 7] 5037 	ld	(hl),b
   220F DD 34 F9      [23] 5038 	inc	-7 (ix)
   2212 20 03         [12] 5039 	jr	NZ,00132$
   2214 DD 34 FA      [23] 5040 	inc	-6 (ix)
   2217                    5041 00132$:
                           5042 ;fat.c:1034: *ptr++ = date >> 8;
   2217 E1            [10] 5043 	pop	hl
   2218 E5            [11] 5044 	push	hl
   2219 72            [ 7] 5045 	ld	(hl),d
   221A DD 34 F9      [23] 5046 	inc	-7 (ix)
   221D 20 03         [12] 5047 	jr	NZ,00133$
   221F DD 34 FA      [23] 5048 	inc	-6 (ix)
   2222                    5049 00133$:
                           5050 ;fat.c:1036: *ptr++ = entry & 0xff;
   2222 DD 56 08      [19] 5051 	ld	d,8 (ix)
   2225 E1            [10] 5052 	pop	hl
   2226 E5            [11] 5053 	push	hl
   2227 72            [ 7] 5054 	ld	(hl),d
   2228 DD 34 F9      [23] 5055 	inc	-7 (ix)
   222B 20 03         [12] 5056 	jr	NZ,00134$
   222D DD 34 FA      [23] 5057 	inc	-6 (ix)
   2230                    5058 00134$:
                           5059 ;fat.c:1037: *ptr++ = (entry >> 8) & 0xff;
   2230 F5            [11] 5060 	push	af
   2231 DD 5E 08      [19] 5061 	ld	e,8 (ix)
   2234 DD 66 09      [19] 5062 	ld	h,9 (ix)
   2237 DD 6E 0A      [19] 5063 	ld	l,10 (ix)
   223A DD 56 0B      [19] 5064 	ld	d,11 (ix)
   223D F1            [10] 5065 	pop	af
   223E 06 08         [ 7] 5066 	ld	b,#0x08
   2240                    5067 00135$:
   2240 CB 3A         [ 8] 5068 	srl	d
   2242 CB 1D         [ 8] 5069 	rr	l
   2244 CB 1C         [ 8] 5070 	rr	h
   2246 CB 1B         [ 8] 5071 	rr	e
   2248 10 F6         [13] 5072 	djnz	00135$
   224A E1            [10] 5073 	pop	hl
   224B E5            [11] 5074 	push	hl
   224C 73            [ 7] 5075 	ld	(hl),e
   224D DD 34 F9      [23] 5076 	inc	-7 (ix)
   2250 20 03         [12] 5077 	jr	NZ,00137$
   2252 DD 34 FA      [23] 5078 	inc	-6 (ix)
   2255                    5079 00137$:
                           5080 ;fat.c:1039: fat_int_to_bytes_le(size, ptr);
   2255 E1            [10] 5081 	pop	hl
   2256 E5            [11] 5082 	push	hl
   2257 E5            [11] 5083 	push	hl
   2258 DD 6E 0E      [19] 5084 	ld	l,14 (ix)
   225B DD 66 0F      [19] 5085 	ld	h,15 (ix)
   225E E5            [11] 5086 	push	hl
   225F DD 6E 0C      [19] 5087 	ld	l,12 (ix)
   2262 DD 66 0D      [19] 5088 	ld	h,13 (ix)
   2265 E5            [11] 5089 	push	hl
   2266 CDr0Br17      [17] 5090 	call	_fat_int_to_bytes_le
   2269 21 06 00      [10] 5091 	ld	hl,#0x0006
   226C 39            [11] 5092 	add	hl,sp
   226D F9            [ 6] 5093 	ld	sp,hl
                           5094 ;fat.c:1041: return fat_cache_save_data();
   226E CDr61r19      [17] 5095 	call	_fat_cache_save_data
   2271 DD F9         [10] 5096 	ld	sp,ix
   2273 DD E1         [14] 5097 	pop	ix
   2275 C9            [10] 5098 	ret
   2276                    5099 _fat_make_hdr_end::
                           5100 ;fat.c:1045: void fat_make_lfn(u8 *name, u8 rec_idx, u8 lfn_idx, u8 crc) {
                           5101 ;	---------------------------------
                           5102 ; Function fat_make_lfn
                           5103 ; ---------------------------------
   2276                    5104 _fat_make_lfn_start::
   2276                    5105 _fat_make_lfn:
   2276 DD E5         [15] 5106 	push	ix
   2278 DD 21 00 00   [14] 5107 	ld	ix,#0
   227C DD 39         [15] 5108 	add	ix,sp
   227E F5            [11] 5109 	push	af
   227F F5            [11] 5110 	push	af
                           5111 ;fat.c:1051: u8 mask = 0;
   2280 DD 36 FE 00   [19] 5112 	ld	-2 (ix),#0x00
                           5113 ;fat.c:1053: dat_ptr = (u8 *) & fat_dat[(u16) rec_idx * 32];
   2284 DD 6E 06      [19] 5114 	ld	l,6 (ix)
   2287 26 00         [ 7] 5115 	ld	h,#0x00
   2289 29            [11] 5116 	add	hl, hl
   228A 29            [11] 5117 	add	hl, hl
   228B 29            [11] 5118 	add	hl, hl
   228C 29            [11] 5119 	add	hl, hl
   228D 29            [11] 5120 	add	hl, hl
   228E EB            [ 4] 5121 	ex	de,hl
   228F 3Ar32r00      [13] 5122 	ld	a,(#_fat_dat + 0)
   2292 83            [ 4] 5123 	add	a, e
   2293 4F            [ 4] 5124 	ld	c,a
   2294 3Ar33r00      [13] 5125 	ld	a,(#_fat_dat + 1)
   2297 8A            [ 4] 5126 	adc	a, d
   2298 47            [ 4] 5127 	ld	b,a
                           5128 ;fat.c:1054: lfn_ptr = (u8 *) & name[lfn_idx * 13];
   2299 DD 5E 07      [19] 5129 	ld	e,7 (ix)
   229C 16 00         [ 7] 5130 	ld	d,#0x00
   229E 6B            [ 4] 5131 	ld	l, e
   229F 62            [ 4] 5132 	ld	h, d
   22A0 29            [11] 5133 	add	hl, hl
   22A1 19            [11] 5134 	add	hl, de
   22A2 29            [11] 5135 	add	hl, hl
   22A3 29            [11] 5136 	add	hl, hl
   22A4 19            [11] 5137 	add	hl, de
   22A5 DD 5E 04      [19] 5138 	ld	e,4 (ix)
   22A8 DD 56 05      [19] 5139 	ld	d,5 (ix)
   22AB 19            [11] 5140 	add	hl,de
   22AC EB            [ 4] 5141 	ex	de,hl
                           5142 ;fat.c:1056: sysMemSet(dat_ptr, 0, 32);
   22AD C5            [11] 5143 	push	bc
   22AE FD E1         [14] 5144 	pop	iy
   22B0 C5            [11] 5145 	push	bc
   22B1 D5            [11] 5146 	push	de
   22B2 21 20 00      [10] 5147 	ld	hl,#0x0020
   22B5 E5            [11] 5148 	push	hl
   22B6 AF            [ 4] 5149 	xor	a, a
   22B7 F5            [11] 5150 	push	af
   22B8 33            [ 6] 5151 	inc	sp
   22B9 FD E5         [15] 5152 	push	iy
   22BB CDr00r00      [17] 5153 	call	_sysMemSet
   22BE F1            [10] 5154 	pop	af
   22BF F1            [10] 5155 	pop	af
   22C0 33            [ 6] 5156 	inc	sp
   22C1 D1            [10] 5157 	pop	de
   22C2 C1            [10] 5158 	pop	bc
                           5159 ;fat.c:1058: for (i = 0; i < 13; i++) {
   22C3 DD 36 FC 00   [19] 5160 	ld	-4 (ix),#0x00
   22C7                    5161 00107$:
                           5162 ;fat.c:1059: idx = lfn_char_struct[i];
   22C7 3Er06         [ 7] 5163 	ld	a,#<(_lfn_char_struct)
   22C9 DD 86 FC      [19] 5164 	add	a, -4 (ix)
   22CC 6F            [ 4] 5165 	ld	l,a
   22CD 3Es02         [ 7] 5166 	ld	a,#>(_lfn_char_struct)
   22CF CE 00         [ 7] 5167 	adc	a, #0x00
   22D1 67            [ 4] 5168 	ld	h,a
   22D2 7E            [ 7] 5169 	ld	a,(hl)
   22D3 DD 77 FD      [19] 5170 	ld	-3 (ix),a
                           5171 ;fat.c:1060: dat_ptr[idx] = *lfn_ptr++ | mask;
   22D6 E5            [11] 5172 	push	hl
   22D7 DD 6E FD      [19] 5173 	ld	l,-3 (ix)
   22DA 26 00         [ 7] 5174 	ld	h,#0x00
   22DC E5            [11] 5175 	push	hl
   22DD FD E1         [14] 5176 	pop	iy
   22DF E1            [10] 5177 	pop	hl
   22E0 FD 09         [15] 5178 	add	iy, bc
   22E2 1A            [ 7] 5179 	ld	a,(de)
   22E3 13            [ 6] 5180 	inc	de
   22E4 DD B6 FE      [19] 5181 	or	a, -2 (ix)
   22E7 DD 77 FF      [19] 5182 	ld	-1 (ix), a
   22EA FD 77 00      [19] 5183 	ld	0 (iy), a
                           5184 ;fat.c:1061: dat_ptr[idx + 1] = mask;
   22ED DD 6E FD      [19] 5185 	ld	l,-3 (ix)
   22F0 26 00         [ 7] 5186 	ld	h,#0x00
   22F2 23            [ 6] 5187 	inc	hl
   22F3 09            [11] 5188 	add	hl,bc
   22F4 DD 7E FE      [19] 5189 	ld	a,-2 (ix)
   22F7 77            [ 7] 5190 	ld	(hl),a
                           5191 ;fat.c:1062: if (dat_ptr[idx] == 0)mask = 0xff;
   22F8 DD 7E FF      [19] 5192 	ld	a,-1 (ix)
   22FB B7            [ 4] 5193 	or	a, a
   22FC 20 04         [12] 5194 	jr	NZ,00108$
   22FE DD 36 FE FF   [19] 5195 	ld	-2 (ix),#0xFF
   2302                    5196 00108$:
                           5197 ;fat.c:1058: for (i = 0; i < 13; i++) {
   2302 DD 34 FC      [23] 5198 	inc	-4 (ix)
   2305 DD 7E FC      [19] 5199 	ld	a,-4 (ix)
   2308 D6 0D         [ 7] 5200 	sub	a, #0x0D
   230A 38 BB         [12] 5201 	jr	C,00107$
                           5202 ;fat.c:1065: if (mask != 0 || *lfn_ptr == 0)mask = 0x40;
   230C DD 7E FE      [19] 5203 	ld	a,-2 (ix)
   230F B7            [ 4] 5204 	or	a, a
   2310 20 04         [12] 5205 	jr	NZ,00104$
   2312 1A            [ 7] 5206 	ld	a,(de)
   2313 B7            [ 4] 5207 	or	a, a
   2314 20 04         [12] 5208 	jr	NZ,00105$
   2316                    5209 00104$:
   2316 DD 36 FE 40   [19] 5210 	ld	-2 (ix),#0x40
   231A                    5211 00105$:
                           5212 ;fat.c:1067: dat_ptr[0x00] = (lfn_idx + 1) | mask;
   231A DD 7E 07      [19] 5213 	ld	a,7 (ix)
   231D 3C            [ 4] 5214 	inc	a
   231E DD B6 FE      [19] 5215 	or	a, -2 (ix)
   2321 02            [ 7] 5216 	ld	(bc),a
                           5217 ;fat.c:1068: dat_ptr[0x0B] = 0x0F;
   2322 21 0B 00      [10] 5218 	ld	hl,#0x000B
   2325 09            [11] 5219 	add	hl,bc
   2326 36 0F         [10] 5220 	ld	(hl),#0x0F
                           5221 ;fat.c:1069: dat_ptr[0x0D] = crc;
   2328 21 0D 00      [10] 5222 	ld	hl,#0x000D
   232B 09            [11] 5223 	add	hl,bc
   232C DD 7E 08      [19] 5224 	ld	a,8 (ix)
   232F 77            [ 7] 5225 	ld	(hl),a
   2330 DD F9         [10] 5226 	ld	sp,ix
   2332 DD E1         [14] 5227 	pop	ix
   2334 C9            [10] 5228 	ret
   2335                    5229 _fat_make_lfn_end::
                           5230 ;fat.c:1073: u8 fat_next_dir_sector(u32 *clust, u32 *sector, u8 *in_clust) {
                           5231 ;	---------------------------------
                           5232 ; Function fat_next_dir_sector
                           5233 ; ---------------------------------
   2335                    5234 _fat_next_dir_sector_start::
   2335                    5235 _fat_next_dir_sector:
   2335 DD E5         [15] 5236 	push	ix
   2337 DD 21 00 00   [14] 5237 	ld	ix,#0
   233B DD 39         [15] 5238 	add	ix,sp
   233D 21 F1 FF      [10] 5239 	ld	hl,#-15
   2340 39            [11] 5240 	add	hl,sp
   2341 F9            [ 6] 5241 	ld	sp,hl
                           5242 ;fat.c:1080: if (*sector == 0) {
   2342 DD 7E 06      [19] 5243 	ld	a,6 (ix)
   2345 DD 77 F6      [19] 5244 	ld	-10 (ix),a
   2348 DD 7E 07      [19] 5245 	ld	a,7 (ix)
   234B DD 77 F7      [19] 5246 	ld	-9 (ix),a
   234E DD 5E F6      [19] 5247 	ld	e,-10 (ix)
   2351 DD 56 F7      [19] 5248 	ld	d,-9 (ix)
   2354 21 0B 00      [10] 5249 	ld	hl, #0x000B
   2357 39            [11] 5250 	add	hl, sp
   2358 EB            [ 4] 5251 	ex	de, hl
   2359 01 04 00      [10] 5252 	ld	bc, #0x0004
   235C ED B0         [21] 5253 	ldir
                           5254 ;fat.c:1082: *in_clust = 0;
   235E DD 4E 08      [19] 5255 	ld	c,8 (ix)
   2361 DD 46 09      [19] 5256 	ld	b,9 (ix)
                           5257 ;fat.c:1083: *sector = fat_cluster_to_sector(*clust);
   2364 DD 5E 04      [19] 5258 	ld	e,4 (ix)
   2367 DD 56 05      [19] 5259 	ld	d,5 (ix)
                           5260 ;fat.c:1080: if (*sector == 0) {
   236A DD 7E FF      [19] 5261 	ld	a,-1 (ix)
   236D DD B6 FE      [19] 5262 	or	a, -2 (ix)
   2370 DD B6 FD      [19] 5263 	or	a, -3 (ix)
   2373 DD B6 FC      [19] 5264 	or	a,-4 (ix)
   2376 20 31         [12] 5265 	jr	NZ,00112$
                           5266 ;fat.c:1082: *in_clust = 0;
   2378 AF            [ 4] 5267 	xor	a, a
   2379 02            [ 7] 5268 	ld	(bc),a
                           5269 ;fat.c:1083: *sector = fat_cluster_to_sector(*clust);
   237A 21 0B 00      [10] 5270 	ld	hl, #0x000B
   237D 39            [11] 5271 	add	hl, sp
   237E EB            [ 4] 5272 	ex	de, hl
   237F 01 04 00      [10] 5273 	ld	bc, #0x0004
   2382 ED B0         [21] 5274 	ldir
   2384 DD 6E FE      [19] 5275 	ld	l,-2 (ix)
   2387 DD 66 FF      [19] 5276 	ld	h,-1 (ix)
   238A E5            [11] 5277 	push	hl
   238B DD 6E FC      [19] 5278 	ld	l,-4 (ix)
   238E DD 66 FD      [19] 5279 	ld	h,-3 (ix)
   2391 E5            [11] 5280 	push	hl
   2392 CDr2Dr08      [17] 5281 	call	_fat_cluster_to_sector
   2395 F1            [10] 5282 	pop	af
   2396 F1            [10] 5283 	pop	af
   2397 4D            [ 4] 5284 	ld	c,l
   2398 44            [ 4] 5285 	ld	b,h
   2399 DD 6E F6      [19] 5286 	ld	l,-10 (ix)
   239C DD 66 F7      [19] 5287 	ld	h,-9 (ix)
   239F 71            [ 7] 5288 	ld	(hl),c
   23A0 23            [ 6] 5289 	inc	hl
   23A1 70            [ 7] 5290 	ld	(hl),b
   23A2 23            [ 6] 5291 	inc	hl
   23A3 73            [ 7] 5292 	ld	(hl),e
   23A4 23            [ 6] 5293 	inc	hl
   23A5 72            [ 7] 5294 	ld	(hl),d
   23A6 C3r97r24      [10] 5295 	jp	00113$
   23A9                    5296 00112$:
                           5297 ;fat.c:1087: *in_clust = *in_clust + 1;
   23A9 0A            [ 7] 5298 	ld	a,(bc)
   23AA 3C            [ 4] 5299 	inc	a
   23AB DD 77 FC      [19] 5300 	ld	-4 (ix), a
   23AE 02            [ 7] 5301 	ld	(bc),a
                           5302 ;fat.c:1088: *sector = *sector + 1;
   23AF D5            [11] 5303 	push	de
   23B0 C5            [11] 5304 	push	bc
   23B1 DD 5E F6      [19] 5305 	ld	e,-10 (ix)
   23B4 DD 56 F7      [19] 5306 	ld	d,-9 (ix)
   23B7 21 0B 00      [10] 5307 	ld	hl, #0x000B
   23BA 39            [11] 5308 	add	hl, sp
   23BB EB            [ 4] 5309 	ex	de, hl
   23BC 01 04 00      [10] 5310 	ld	bc, #0x0004
   23BF ED B0         [21] 5311 	ldir
   23C1 C1            [10] 5312 	pop	bc
   23C2 D1            [10] 5313 	pop	de
   23C3 DD 34 F8      [23] 5314 	inc	-8 (ix)
   23C6 20 0D         [12] 5315 	jr	NZ,00134$
   23C8 DD 34 F9      [23] 5316 	inc	-7 (ix)
   23CB 20 08         [12] 5317 	jr	NZ,00134$
   23CD DD 34 FA      [23] 5318 	inc	-6 (ix)
   23D0 20 03         [12] 5319 	jr	NZ,00134$
   23D2 DD 34 FB      [23] 5320 	inc	-5 (ix)
   23D5                    5321 00134$:
   23D5 D5            [11] 5322 	push	de
   23D6 C5            [11] 5323 	push	bc
   23D7 DD 5E F6      [19] 5324 	ld	e,-10 (ix)
   23DA DD 56 F7      [19] 5325 	ld	d,-9 (ix)
   23DD 21 0B 00      [10] 5326 	ld	hl, #0x000B
   23E0 39            [11] 5327 	add	hl, sp
   23E1 01 04 00      [10] 5328 	ld	bc, #0x0004
   23E4 ED B0         [21] 5329 	ldir
   23E6 C1            [10] 5330 	pop	bc
   23E7 D1            [10] 5331 	pop	de
                           5332 ;fat.c:1090: if (*in_clust == fat_cluster_size) {
   23E8 FD 21r22r00   [14] 5333 	ld	iy,#_fat_cluster_size
   23EC FD 7E 00      [19] 5334 	ld	a,0 (iy)
   23EF DD 96 FC      [19] 5335 	sub	a, -4 (ix)
   23F2 C2r97r24      [10] 5336 	jp	NZ,00113$
                           5337 ;fat.c:1091: *in_clust = 0;
   23F5 AF            [ 4] 5338 	xor	a, a
   23F6 02            [ 7] 5339 	ld	(bc),a
                           5340 ;fat.c:1092: last_clust = *clust;
   23F7 D5            [11] 5341 	push	de
   23F8 21 03 00      [10] 5342 	ld	hl, #0x0003
   23FB 39            [11] 5343 	add	hl, sp
   23FC EB            [ 4] 5344 	ex	de, hl
   23FD 01 04 00      [10] 5345 	ld	bc, #0x0004
   2400 ED B0         [21] 5346 	ldir
   2402 D1            [10] 5347 	pop	de
                           5348 ;fat.c:1093: resp = fat_get_next_cluster(clust);
   2403 D5            [11] 5349 	push	de
   2404 D5            [11] 5350 	push	de
   2405 CDrE6r09      [17] 5351 	call	_fat_get_next_cluster
   2408 F1            [10] 5352 	pop	af
   2409 D1            [10] 5353 	pop	de
                           5354 ;fat.c:1094: if (resp)return resp;
   240A DD 75 F1      [19] 5355 	ld	-15 (ix), l
   240D 7D            [ 4] 5356 	ld	a, l
   240E B7            [ 4] 5357 	or	a, a
   240F 28 06         [12] 5358 	jr	Z,00102$
   2411 DD 6E F1      [19] 5359 	ld	l,-15 (ix)
   2414 C3rAEr24      [10] 5360 	jp	00114$
   2417                    5361 00102$:
                           5362 ;fat.c:1096: if (*clust == FAT_END_VAL) {
   2417 6B            [ 4] 5363 	ld	l, e
   2418 62            [ 4] 5364 	ld	h, d
   2419 46            [ 7] 5365 	ld	b,(hl)
   241A 23            [ 6] 5366 	inc	hl
   241B 4E            [ 7] 5367 	ld	c,(hl)
   241C 23            [ 6] 5368 	inc	hl
   241D 23            [ 6] 5369 	inc	hl
   241E 7E            [ 7] 5370 	ld	a,(hl)
   241F 2B            [ 6] 5371 	dec	hl
   2420 66            [ 7] 5372 	ld	h,(hl)
   2421 6F            [ 4] 5373 	ld	l,a
   2422 04            [ 4] 5374 	inc	b
   2423 20 54         [12] 5375 	jr	NZ,00108$
   2425 0C            [ 4] 5376 	inc	c
   2426 20 51         [12] 5377 	jr	NZ,00108$
   2428 24            [ 4] 5378 	inc	h
   2429 20 4E         [12] 5379 	jr	NZ,00108$
   242B 7D            [ 4] 5380 	ld	a,l
   242C D6 0F         [ 7] 5381 	sub	a, #0x0F
   242E 20 49         [12] 5382 	jr	NZ,00108$
                           5383 ;fat.c:1097: resp = fat_expand(last_clust, 1, 1);
   2430 D5            [11] 5384 	push	de
   2431 3E 01         [ 7] 5385 	ld	a,#0x01
   2433 F5            [11] 5386 	push	af
   2434 33            [ 6] 5387 	inc	sp
   2435 21 01 00      [10] 5388 	ld	hl,#0x0001
   2438 E5            [11] 5389 	push	hl
   2439 DD 6E F4      [19] 5390 	ld	l,-12 (ix)
   243C DD 66 F5      [19] 5391 	ld	h,-11 (ix)
   243F E5            [11] 5392 	push	hl
   2440 DD 6E F2      [19] 5393 	ld	l,-14 (ix)
   2443 DD 66 F3      [19] 5394 	ld	h,-13 (ix)
   2446 E5            [11] 5395 	push	hl
   2447 CDr7Ar1F      [17] 5396 	call	_fat_expand
   244A F1            [10] 5397 	pop	af
   244B F1            [10] 5398 	pop	af
   244C F1            [10] 5399 	pop	af
   244D 33            [ 6] 5400 	inc	sp
   244E D1            [10] 5401 	pop	de
                           5402 ;fat.c:1098: if (resp)return resp;
   244F DD 75 F1      [19] 5403 	ld	-15 (ix), l
   2452 7D            [ 4] 5404 	ld	a, l
   2453 B7            [ 4] 5405 	or	a, a
   2454 28 05         [12] 5406 	jr	Z,00104$
   2456 DD 6E F1      [19] 5407 	ld	l,-15 (ix)
   2459 18 53         [12] 5408 	jr	00114$
   245B                    5409 00104$:
                           5410 ;fat.c:1099: *clust = last_clust;
   245B D5            [11] 5411 	push	de
   245C 21 03 00      [10] 5412 	ld	hl, #0x0003
   245F 39            [11] 5413 	add	hl, sp
   2460 01 04 00      [10] 5414 	ld	bc, #0x0004
   2463 ED B0         [21] 5415 	ldir
   2465 D1            [10] 5416 	pop	de
                           5417 ;fat.c:1100: resp = fat_get_next_cluster(clust);
   2466 D5            [11] 5418 	push	de
   2467 D5            [11] 5419 	push	de
   2468 CDrE6r09      [17] 5420 	call	_fat_get_next_cluster
   246B F1            [10] 5421 	pop	af
   246C D1            [10] 5422 	pop	de
                           5423 ;fat.c:1101: if (resp)return resp;
   246D DD 75 F1      [19] 5424 	ld	-15 (ix), l
   2470 7D            [ 4] 5425 	ld	a, l
   2471 B7            [ 4] 5426 	or	a, a
   2472 28 05         [12] 5427 	jr	Z,00108$
   2474 DD 6E F1      [19] 5428 	ld	l,-15 (ix)
   2477 18 35         [12] 5429 	jr	00114$
   2479                    5430 00108$:
                           5431 ;fat.c:1104: *sector = fat_cluster_to_sector(*clust);
   2479 EB            [ 4] 5432 	ex	de,hl
   247A 5E            [ 7] 5433 	ld	e,(hl)
   247B 23            [ 6] 5434 	inc	hl
   247C 56            [ 7] 5435 	ld	d,(hl)
   247D 23            [ 6] 5436 	inc	hl
   247E 4E            [ 7] 5437 	ld	c,(hl)
   247F 23            [ 6] 5438 	inc	hl
   2480 46            [ 7] 5439 	ld	b,(hl)
   2481 C5            [11] 5440 	push	bc
   2482 D5            [11] 5441 	push	de
   2483 CDr2Dr08      [17] 5442 	call	_fat_cluster_to_sector
   2486 F1            [10] 5443 	pop	af
   2487 F1            [10] 5444 	pop	af
   2488 4D            [ 4] 5445 	ld	c,l
   2489 44            [ 4] 5446 	ld	b,h
   248A DD 6E F6      [19] 5447 	ld	l,-10 (ix)
   248D DD 66 F7      [19] 5448 	ld	h,-9 (ix)
   2490 71            [ 7] 5449 	ld	(hl),c
   2491 23            [ 6] 5450 	inc	hl
   2492 70            [ 7] 5451 	ld	(hl),b
   2493 23            [ 6] 5452 	inc	hl
   2494 73            [ 7] 5453 	ld	(hl),e
   2495 23            [ 6] 5454 	inc	hl
   2496 72            [ 7] 5455 	ld	(hl),d
   2497                    5456 00113$:
                           5457 ;fat.c:1109: resp = fat_cache_read_dat(*sector);
   2497 DD 6E F6      [19] 5458 	ld	l,-10 (ix)
   249A DD 66 F7      [19] 5459 	ld	h,-9 (ix)
   249D 5E            [ 7] 5460 	ld	e,(hl)
   249E 23            [ 6] 5461 	inc	hl
   249F 56            [ 7] 5462 	ld	d,(hl)
   24A0 23            [ 6] 5463 	inc	hl
   24A1 4E            [ 7] 5464 	ld	c,(hl)
   24A2 23            [ 6] 5465 	inc	hl
   24A3 46            [ 7] 5466 	ld	b,(hl)
   24A4 C5            [11] 5467 	push	bc
   24A5 D5            [11] 5468 	push	de
   24A6 CDr13r02      [17] 5469 	call	_fat_cache_read_dat
   24A9 F1            [10] 5470 	pop	af
   24AA F1            [10] 5471 	pop	af
                           5472 ;fat.c:1112: return resp;
   24AB DD 75 F1      [19] 5473 	ld	-15 (ix), l
   24AE                    5474 00114$:
   24AE DD F9         [10] 5475 	ld	sp,ix
   24B0 DD E1         [14] 5476 	pop	ix
   24B2 C9            [10] 5477 	ret
   24B3                    5478 _fat_next_dir_sector_end::
                           5479 ;fat.c:1115: u8 fat_make_dos_name(u8 *lfn_name, u8 *dos_name, u16 idx) {
                           5480 ;	---------------------------------
                           5481 ; Function fat_make_dos_name
                           5482 ; ---------------------------------
   24B3                    5483 _fat_make_dos_name_start::
   24B3                    5484 _fat_make_dos_name:
   24B3 DD E5         [15] 5485 	push	ix
   24B5 DD 21 00 00   [14] 5486 	ld	ix,#0
   24B9 DD 39         [15] 5487 	add	ix,sp
   24BB F5            [11] 5488 	push	af
                           5489 ;fat.c:1121: sysMemCopy(lfn_name, dos_name, 8);
   24BC 21 08 00      [10] 5490 	ld	hl,#0x0008
   24BF E5            [11] 5491 	push	hl
   24C0 DD 6E 06      [19] 5492 	ld	l,6 (ix)
   24C3 DD 66 07      [19] 5493 	ld	h,7 (ix)
   24C6 E5            [11] 5494 	push	hl
   24C7 DD 6E 04      [19] 5495 	ld	l,4 (ix)
   24CA DD 66 05      [19] 5496 	ld	h,5 (ix)
   24CD E5            [11] 5497 	push	hl
   24CE CDr00r00      [17] 5498 	call	_sysMemCopy
   24D1 21 06 00      [10] 5499 	ld	hl,#0x0006
   24D4 39            [11] 5500 	add	hl,sp
   24D5 F9            [ 6] 5501 	ld	sp,hl
                           5502 ;fat.c:1123: dos_name[8] = (u8) ' ';
   24D6 DD 7E 06      [19] 5503 	ld	a,6 (ix)
   24D9 C6 08         [ 7] 5504 	add	a, #0x08
   24DB 6F            [ 4] 5505 	ld	l,a
   24DC DD 7E 07      [19] 5506 	ld	a,7 (ix)
   24DF CE 00         [ 7] 5507 	adc	a, #0x00
   24E1 67            [ 4] 5508 	ld	h,a
   24E2 36 20         [10] 5509 	ld	(hl),#0x20
                           5510 ;fat.c:1124: dos_name[9] = (u8) ' ';
   24E4 DD 7E 06      [19] 5511 	ld	a,6 (ix)
   24E7 C6 09         [ 7] 5512 	add	a, #0x09
   24E9 6F            [ 4] 5513 	ld	l,a
   24EA DD 7E 07      [19] 5514 	ld	a,7 (ix)
   24ED CE 00         [ 7] 5515 	adc	a, #0x00
   24EF 67            [ 4] 5516 	ld	h,a
   24F0 36 20         [10] 5517 	ld	(hl),#0x20
                           5518 ;fat.c:1125: dos_name[10] = (u8) ' ';
   24F2 DD 7E 06      [19] 5519 	ld	a,6 (ix)
   24F5 C6 0A         [ 7] 5520 	add	a, #0x0A
   24F7 6F            [ 4] 5521 	ld	l,a
   24F8 DD 7E 07      [19] 5522 	ld	a,7 (ix)
   24FB CE 00         [ 7] 5523 	adc	a, #0x00
   24FD 67            [ 4] 5524 	ld	h,a
   24FE 36 20         [10] 5525 	ld	(hl),#0x20
                           5526 ;fat.c:1126: dot = 0;
   2500 0E 00         [ 7] 5527 	ld	c,#0x00
                           5528 ;fat.c:1128: for (i = 0; lfn_name[i] != 0; i++) {
   2502 1E 00         [ 7] 5529 	ld	e,#0x00
   2504                    5530 00115$:
   2504 DD 6E 04      [19] 5531 	ld	l,4 (ix)
   2507 DD 66 05      [19] 5532 	ld	h,5 (ix)
   250A 16 00         [ 7] 5533 	ld	d,#0x00
   250C 19            [11] 5534 	add	hl, de
   250D 66            [ 7] 5535 	ld	h,(hl)
   250E 7C            [ 4] 5536 	ld	a,h
   250F B7            [ 4] 5537 	or	a, a
   2510 28 09         [12] 5538 	jr	Z,00103$
                           5539 ;fat.c:1129: if (lfn_name[i] == (u8) '.')dot = i;
   2512 7C            [ 4] 5540 	ld	a,h
   2513 D6 2E         [ 7] 5541 	sub	a, #0x2E
   2515 20 01         [12] 5542 	jr	NZ,00116$
   2517 4B            [ 4] 5543 	ld	c,e
   2518                    5544 00116$:
                           5545 ;fat.c:1128: for (i = 0; lfn_name[i] != 0; i++) {
   2518 1C            [ 4] 5546 	inc	e
   2519 18 E9         [12] 5547 	jr	00115$
   251B                    5548 00103$:
                           5549 ;fat.c:1132: if (dot != 0) {
   251B 79            [ 4] 5550 	ld	a,c
   251C B7            [ 4] 5551 	or	a, a
   251D 28 3C         [12] 5552 	jr	Z,00133$
                           5553 ;fat.c:1133: dot++;
   251F 0C            [ 4] 5554 	inc	c
                           5555 ;fat.c:1135: for (i = 0; i < 3; i++) {
   2520 06 00         [ 7] 5556 	ld	b,#0x00
   2522                    5557 00117$:
                           5558 ;fat.c:1136: if (lfn_name[i] == 0)break;
   2522 DD 7E 04      [19] 5559 	ld	a,4 (ix)
   2525 80            [ 4] 5560 	add	a, b
   2526 6F            [ 4] 5561 	ld	l,a
   2527 DD 7E 05      [19] 5562 	ld	a,5 (ix)
   252A CE 00         [ 7] 5563 	adc	a, #0x00
   252C 67            [ 4] 5564 	ld	h,a
   252D 7E            [ 7] 5565 	ld	a,(hl)
   252E B7            [ 4] 5566 	or	a, a
   252F 28 2A         [12] 5567 	jr	Z,00133$
                           5568 ;fat.c:1137: dos_name[i + 8] = lfn_name[i + dot];
   2531 58            [ 4] 5569 	ld	e,b
   2532 16 00         [ 7] 5570 	ld	d,#0x00
   2534 21 08 00      [10] 5571 	ld	hl,#0x0008
   2537 19            [11] 5572 	add	hl,de
   2538 DD 7E 06      [19] 5573 	ld	a,6 (ix)
   253B 85            [ 4] 5574 	add	a, l
   253C DD 77 FE      [19] 5575 	ld	-2 (ix),a
   253F DD 7E 07      [19] 5576 	ld	a,7 (ix)
   2542 8C            [ 4] 5577 	adc	a, h
   2543 DD 77 FF      [19] 5578 	ld	-1 (ix),a
   2546 69            [ 4] 5579 	ld	l,c
   2547 26 00         [ 7] 5580 	ld	h,#0x00
   2549 19            [11] 5581 	add	hl,de
   254A DD 5E 04      [19] 5582 	ld	e,4 (ix)
   254D DD 56 05      [19] 5583 	ld	d,5 (ix)
   2550 19            [11] 5584 	add	hl,de
   2551 7E            [ 7] 5585 	ld	a,(hl)
   2552 E1            [10] 5586 	pop	hl
   2553 E5            [11] 5587 	push	hl
   2554 77            [ 7] 5588 	ld	(hl),a
                           5589 ;fat.c:1135: for (i = 0; i < 3; i++) {
   2555 04            [ 4] 5590 	inc	b
   2556 78            [ 4] 5591 	ld	a,b
   2557 D6 03         [ 7] 5592 	sub	a, #0x03
   2559 38 C7         [12] 5593 	jr	C,00117$
                           5594 ;fat.c:1141: for (i = 0; i < 11; i++) {
   255B                    5595 00133$:
   255B 1E 00         [ 7] 5596 	ld	e,#0x00
   255D                    5597 00119$:
                           5598 ;fat.c:1142: if (dos_name[i] >= (u8) 'a' && dos_name[i] <= (u8) 'z')dos_name[i] &= ~0x20;
   255D DD 6E 06      [19] 5599 	ld	l,6 (ix)
   2560 DD 66 07      [19] 5600 	ld	h,7 (ix)
   2563 16 00         [ 7] 5601 	ld	d,#0x00
   2565 19            [11] 5602 	add	hl, de
   2566 56            [ 7] 5603 	ld	d,(hl)
   2567 7A            [ 4] 5604 	ld	a,d
   2568 D6 61         [ 7] 5605 	sub	a, #0x61
   256A 38 08         [12] 5606 	jr	C,00120$
   256C 3E 7A         [ 7] 5607 	ld	a,#0x7A
   256E 92            [ 4] 5608 	sub	a, d
   256F 38 03         [12] 5609 	jr	C,00120$
   2571 CB AA         [ 8] 5610 	res	5, d
   2573 72            [ 7] 5611 	ld	(hl),d
   2574                    5612 00120$:
                           5613 ;fat.c:1141: for (i = 0; i < 11; i++) {
   2574 1C            [ 4] 5614 	inc	e
   2575 7B            [ 4] 5615 	ld	a,e
   2576 D6 0B         [ 7] 5616 	sub	a, #0x0B
   2578 38 E3         [12] 5617 	jr	C,00119$
                           5618 ;fat.c:1146: dos_name[4] = '~';
   257A DD 7E 06      [19] 5619 	ld	a,6 (ix)
   257D C6 04         [ 7] 5620 	add	a, #0x04
   257F 6F            [ 4] 5621 	ld	l,a
   2580 DD 7E 07      [19] 5622 	ld	a,7 (ix)
   2583 CE 00         [ 7] 5623 	adc	a, #0x00
   2585 67            [ 4] 5624 	ld	h,a
   2586 36 7E         [10] 5625 	ld	(hl),#0x7E
                           5626 ;fat.c:1147: dos_name[5] = idx % 1000 / 100 + (u8) '0';
   2588 DD 7E 06      [19] 5627 	ld	a,6 (ix)
   258B C6 05         [ 7] 5628 	add	a, #0x05
   258D 5F            [ 4] 5629 	ld	e,a
   258E DD 7E 07      [19] 5630 	ld	a,7 (ix)
   2591 CE 00         [ 7] 5631 	adc	a, #0x00
   2593 57            [ 4] 5632 	ld	d,a
   2594 D5            [11] 5633 	push	de
   2595 21 E8 03      [10] 5634 	ld	hl,#0x03E8
   2598 E5            [11] 5635 	push	hl
   2599 DD 6E 08      [19] 5636 	ld	l,8 (ix)
   259C DD 66 09      [19] 5637 	ld	h,9 (ix)
   259F E5            [11] 5638 	push	hl
   25A0 CDr00r00      [17] 5639 	call	__moduint_rrx_s
   25A3 F1            [10] 5640 	pop	af
   25A4 F1            [10] 5641 	pop	af
   25A5 01 64 00      [10] 5642 	ld	bc,#0x0064
   25A8 C5            [11] 5643 	push	bc
   25A9 E5            [11] 5644 	push	hl
   25AA CDr00r00      [17] 5645 	call	__divuint_rrx_s
   25AD F1            [10] 5646 	pop	af
   25AE F1            [10] 5647 	pop	af
   25AF D1            [10] 5648 	pop	de
   25B0 7D            [ 4] 5649 	ld	a,l
   25B1 C6 30         [ 7] 5650 	add	a, #0x30
   25B3 12            [ 7] 5651 	ld	(de),a
                           5652 ;fat.c:1148: dos_name[6] = idx % 100 / 10 + (u8) '0';
   25B4 DD 7E 06      [19] 5653 	ld	a,6 (ix)
   25B7 C6 06         [ 7] 5654 	add	a, #0x06
   25B9 5F            [ 4] 5655 	ld	e,a
   25BA DD 7E 07      [19] 5656 	ld	a,7 (ix)
   25BD CE 00         [ 7] 5657 	adc	a, #0x00
   25BF 57            [ 4] 5658 	ld	d,a
   25C0 D5            [11] 5659 	push	de
   25C1 21 64 00      [10] 5660 	ld	hl,#0x0064
   25C4 E5            [11] 5661 	push	hl
   25C5 DD 6E 08      [19] 5662 	ld	l,8 (ix)
   25C8 DD 66 09      [19] 5663 	ld	h,9 (ix)
   25CB E5            [11] 5664 	push	hl
   25CC CDr00r00      [17] 5665 	call	__moduint_rrx_s
   25CF F1            [10] 5666 	pop	af
   25D0 F1            [10] 5667 	pop	af
   25D1 01 0A 00      [10] 5668 	ld	bc,#0x000A
   25D4 C5            [11] 5669 	push	bc
   25D5 E5            [11] 5670 	push	hl
   25D6 CDr00r00      [17] 5671 	call	__divuint_rrx_s
   25D9 F1            [10] 5672 	pop	af
   25DA F1            [10] 5673 	pop	af
   25DB D1            [10] 5674 	pop	de
   25DC 7D            [ 4] 5675 	ld	a,l
   25DD C6 30         [ 7] 5676 	add	a, #0x30
   25DF 12            [ 7] 5677 	ld	(de),a
                           5678 ;fat.c:1149: dos_name[7] = idx % 10 + (u8) '0';
   25E0 DD 7E 06      [19] 5679 	ld	a,6 (ix)
   25E3 C6 07         [ 7] 5680 	add	a, #0x07
   25E5 5F            [ 4] 5681 	ld	e,a
   25E6 DD 7E 07      [19] 5682 	ld	a,7 (ix)
   25E9 CE 00         [ 7] 5683 	adc	a, #0x00
   25EB 57            [ 4] 5684 	ld	d,a
   25EC D5            [11] 5685 	push	de
   25ED 21 0A 00      [10] 5686 	ld	hl,#0x000A
   25F0 E5            [11] 5687 	push	hl
   25F1 DD 6E 08      [19] 5688 	ld	l,8 (ix)
   25F4 DD 66 09      [19] 5689 	ld	h,9 (ix)
   25F7 E5            [11] 5690 	push	hl
   25F8 CDr00r00      [17] 5691 	call	__moduint_rrx_s
   25FB F1            [10] 5692 	pop	af
   25FC F1            [10] 5693 	pop	af
   25FD D1            [10] 5694 	pop	de
   25FE 7D            [ 4] 5695 	ld	a,l
   25FF C6 30         [ 7] 5696 	add	a, #0x30
   2601 12            [ 7] 5697 	ld	(de),a
                           5698 ;fat.c:1151: crc = 0;
   2602 2E 00         [ 7] 5699 	ld	l,#0x00
                           5700 ;fat.c:1152: for (i = 0; i < 11; i++)crc = (((crc & 1) << 7) | ((crc & 0xfe) >> 1)) + dos_name[i];
   2604 1E 00         [ 7] 5701 	ld	e,#0x00
   2606                    5702 00121$:
   2606 7D            [ 4] 5703 	ld	a,l
   2607 E6 01         [ 7] 5704 	and	a, #0x01
   2609 0F            [ 4] 5705 	rrca
   260A E6 80         [ 7] 5706 	and	a,#0x80
   260C 67            [ 4] 5707 	ld	h,a
   260D 7D            [ 4] 5708 	ld	a,l
   260E E6 FE         [ 7] 5709 	and	a, #0xFE
   2610 CB 3F         [ 8] 5710 	srl	a
   2612 B4            [ 4] 5711 	or	a, h
   2613 4F            [ 4] 5712 	ld	c,a
   2614 DD 6E 06      [19] 5713 	ld	l,6 (ix)
   2617 DD 66 07      [19] 5714 	ld	h,7 (ix)
   261A 16 00         [ 7] 5715 	ld	d,#0x00
   261C 19            [11] 5716 	add	hl, de
   261D 6E            [ 7] 5717 	ld	l,(hl)
   261E 09            [11] 5718 	add	hl, bc
   261F 1C            [ 4] 5719 	inc	e
   2620 7B            [ 4] 5720 	ld	a,e
   2621 D6 0B         [ 7] 5721 	sub	a, #0x0B
   2623 38 E1         [12] 5722 	jr	C,00121$
                           5723 ;fat.c:1154: return crc;
   2625 DD F9         [10] 5724 	ld	sp,ix
   2627 DD E1         [14] 5725 	pop	ix
   2629 C9            [10] 5726 	ret
   262A                    5727 _fat_make_dos_name_end::
                           5728 ;fat.c:1158: u8 fat_make_record(u8 *name, u32 dir_entry, u16 slen, u8 is_dir) {
                           5729 ;	---------------------------------
                           5730 ; Function fat_make_record
                           5731 ; ---------------------------------
   262A                    5732 _fat_make_record_start::
   262A                    5733 _fat_make_record:
   262A DD E5         [15] 5734 	push	ix
   262C DD 21 00 00   [14] 5735 	ld	ix,#0
   2630 DD 39         [15] 5736 	add	ix,sp
   2632 21 C1 FF      [10] 5737 	ld	hl,#-63
   2635 39            [11] 5738 	add	hl,sp
   2636 F9            [ 6] 5739 	ld	sp,hl
                           5740 ;fat.c:1169: u8 crc = 0;
   2637 DD 36 C6 00   [19] 5741 	ld	-58 (ix),#0x00
                           5742 ;fat.c:1178: name_ptr = name;
   263B DD 7E 04      [19] 5743 	ld	a,4 (ix)
   263E DD 77 D5      [19] 5744 	ld	-43 (ix),a
   2641 DD 7E 05      [19] 5745 	ld	a,5 (ix)
   2644 DD 77 D6      [19] 5746 	ld	-42 (ix),a
                           5747 ;fat.c:1179: while (*name != 0) {
   2647 DD 6E D5      [19] 5748 	ld	l,-43 (ix)
   264A DD 66 D6      [19] 5749 	ld	h,-42 (ix)
   264D                    5750 00103$:
   264D 7E            [ 7] 5751 	ld	a,(hl)
   264E B7            [ 4] 5752 	or	a, a
   264F 28 0D         [12] 5753 	jr	Z,00105$
                           5754 ;fat.c:1180: if (*name == (u8) '/')name_ptr = name;
   2651 D6 2F         [ 7] 5755 	sub	a, #0x2F
   2653 20 06         [12] 5756 	jr	NZ,00102$
   2655 DD 75 D5      [19] 5757 	ld	-43 (ix),l
   2658 DD 74 D6      [19] 5758 	ld	-42 (ix),h
   265B                    5759 00102$:
                           5760 ;fat.c:1181: name++;
   265B 23            [ 6] 5761 	inc	hl
   265C 18 EF         [12] 5762 	jr	00103$
   265E                    5763 00105$:
                           5764 ;fat.c:1183: if (*name_ptr == (u8) '/')name_ptr++;
   265E DD 6E D5      [19] 5765 	ld	l,-43 (ix)
   2661 DD 66 D6      [19] 5766 	ld	h,-42 (ix)
   2664 7E            [ 7] 5767 	ld	a,(hl)
   2665 D6 2F         [ 7] 5768 	sub	a, #0x2F
   2667 20 08         [12] 5769 	jr	NZ,00107$
   2669 DD 34 D5      [23] 5770 	inc	-43 (ix)
   266C 20 03         [12] 5771 	jr	NZ,00256$
   266E DD 34 D6      [23] 5772 	inc	-42 (ix)
   2671                    5773 00256$:
   2671                    5774 00107$:
                           5775 ;fat.c:1186: if (dir_entry < 2)dir_entry = 2;
   2671 DD 7E 06      [19] 5776 	ld	a,6 (ix)
   2674 D6 02         [ 7] 5777 	sub	a, #0x02
   2676 DD 7E 07      [19] 5778 	ld	a,7 (ix)
   2679 DE 00         [ 7] 5779 	sbc	a, #0x00
   267B DD 7E 08      [19] 5780 	ld	a,8 (ix)
   267E DE 00         [ 7] 5781 	sbc	a, #0x00
   2680 DD 7E 09      [19] 5782 	ld	a,9 (ix)
   2683 DE 00         [ 7] 5783 	sbc	a, #0x00
   2685 30 0E         [12] 5784 	jr	NC,00109$
   2687 DD 36 06 02   [19] 5785 	ld	6 (ix),#0x02
   268B AF            [ 4] 5786 	xor	a, a
   268C DD 77 07      [19] 5787 	ld	7 (ix),a
   268F DD 77 08      [19] 5788 	ld	8 (ix),a
   2692 DD 77 09      [19] 5789 	ld	9 (ix),a
   2695                    5790 00109$:
                           5791 ;fat.c:1188: str_len = str_length(name_ptr);
   2695 DD 6E D5      [19] 5792 	ld	l,-43 (ix)
   2698 DD 66 D6      [19] 5793 	ld	h,-42 (ix)
   269B E5            [11] 5794 	push	hl
   269C CDr00r00      [17] 5795 	call	_str_length
   269F F1            [10] 5796 	pop	af
                           5797 ;fat.c:1189: if (str_len < 11) {
   26A0 DD 75 D4      [19] 5798 	ld	-44 (ix), l
   26A3 7D            [ 4] 5799 	ld	a, l
   26A4 D6 0B         [ 7] 5800 	sub	a, #0x0B
   26A6 30 46         [12] 5801 	jr	NC,00112$
                           5802 ;fat.c:1191: sysMemSet(new_dos_name, ' ', 11);
   26A8 21 07 00      [10] 5803 	ld	hl,#0x0007
   26AB 39            [11] 5804 	add	hl,sp
   26AC 4D            [ 4] 5805 	ld	c,l
   26AD 44            [ 4] 5806 	ld	b,h
   26AE 59            [ 4] 5807 	ld	e, c
   26AF 50            [ 4] 5808 	ld	d, b
   26B0 C5            [11] 5809 	push	bc
   26B1 21 0B 00      [10] 5810 	ld	hl,#0x000B
   26B4 E5            [11] 5811 	push	hl
   26B5 3E 20         [ 7] 5812 	ld	a,#0x20
   26B7 F5            [11] 5813 	push	af
   26B8 33            [ 6] 5814 	inc	sp
   26B9 D5            [11] 5815 	push	de
   26BA CDr00r00      [17] 5816 	call	_sysMemSet
   26BD F1            [10] 5817 	pop	af
   26BE F1            [10] 5818 	pop	af
   26BF 33            [ 6] 5819 	inc	sp
   26C0 C1            [10] 5820 	pop	bc
                           5821 ;fat.c:1192: new_dos_name[11] = 0;
   26C1 21 0B 00      [10] 5822 	ld	hl,#0x000B
   26C4 09            [11] 5823 	add	hl,bc
   26C5 36 00         [10] 5824 	ld	(hl),#0x00
                           5825 ;fat.c:1193: for (i = 0; name_ptr[i] != 0; i++)new_dos_name[i] = name_ptr[i];
   26C7 1E 00         [ 7] 5826 	ld	e,#0x00
   26C9                    5827 00150$:
   26C9 DD 6E D5      [19] 5828 	ld	l,-43 (ix)
   26CC DD 66 D6      [19] 5829 	ld	h,-42 (ix)
   26CF 16 00         [ 7] 5830 	ld	d,#0x00
   26D1 19            [11] 5831 	add	hl, de
   26D2 7E            [ 7] 5832 	ld	a,(hl)
   26D3 DD 77 F7      [19] 5833 	ld	-9 (ix), a
   26D6 B7            [ 4] 5834 	or	a, a
   26D7 28 0B         [12] 5835 	jr	Z,00110$
   26D9 6B            [ 4] 5836 	ld	l,e
   26DA 26 00         [ 7] 5837 	ld	h,#0x00
   26DC 09            [11] 5838 	add	hl,bc
   26DD DD 7E F7      [19] 5839 	ld	a,-9 (ix)
   26E0 77            [ 7] 5840 	ld	(hl),a
   26E1 1C            [ 4] 5841 	inc	e
   26E2 18 E5         [12] 5842 	jr	00150$
   26E4                    5843 00110$:
                           5844 ;fat.c:1194: name_ptr = (u8 *) new_dos_name;
   26E4 DD 71 D5      [19] 5845 	ld	-43 (ix),c
   26E7 DD 70 D6      [19] 5846 	ld	-42 (ix),b
                           5847 ;fat.c:1195: str_len = 11;
   26EA DD 36 D4 0B   [19] 5848 	ld	-44 (ix),#0x0B
   26EE                    5849 00112$:
                           5850 ;fat.c:1200: entry = 0;
   26EE AF            [ 4] 5851 	xor	a, a
   26EF DD 77 EB      [19] 5852 	ld	-21 (ix),a
   26F2 DD 77 EC      [19] 5853 	ld	-20 (ix),a
   26F5 DD 77 ED      [19] 5854 	ld	-19 (ix),a
   26F8 DD 77 EE      [19] 5855 	ld	-18 (ix),a
                           5856 ;fat.c:1202: clen = slen / fat_cluster_size;
   26FB 3Ar22r00      [13] 5857 	ld	a,(#_fat_cluster_size + 0)
   26FE DD 77 FE      [19] 5858 	ld	-2 (ix),a
   2701 DD 36 FF 00   [19] 5859 	ld	-1 (ix),#0x00
   2705 DD 6E FE      [19] 5860 	ld	l,-2 (ix)
   2708 DD 66 FF      [19] 5861 	ld	h,-1 (ix)
   270B E5            [11] 5862 	push	hl
   270C DD 6E 0A      [19] 5863 	ld	l,10 (ix)
   270F DD 66 0B      [19] 5864 	ld	h,11 (ix)
   2712 E5            [11] 5865 	push	hl
   2713 CDr00r00      [17] 5866 	call	__divuint_rrx_s
   2716 F1            [10] 5867 	pop	af
   2717 F1            [10] 5868 	pop	af
   2718 DD 74 EA      [19] 5869 	ld	-22 (ix),h
   271B DD 75 E9      [19] 5870 	ld	-23 (ix),l
                           5871 ;fat.c:1203: if (slen % fat_cluster_size != 0)clen++;
   271E DD 6E FE      [19] 5872 	ld	l,-2 (ix)
   2721 DD 66 FF      [19] 5873 	ld	h,-1 (ix)
   2724 E5            [11] 5874 	push	hl
   2725 DD 6E 0A      [19] 5875 	ld	l,10 (ix)
   2728 DD 66 0B      [19] 5876 	ld	h,11 (ix)
   272B E5            [11] 5877 	push	hl
   272C CDr00r00      [17] 5878 	call	__moduint_rrx_s
   272F F1            [10] 5879 	pop	af
   2730 F1            [10] 5880 	pop	af
   2731 7C            [ 4] 5881 	ld	a,h
   2732 B5            [ 4] 5882 	or	a,l
   2733 28 08         [12] 5883 	jr	Z,00114$
   2735 DD 34 E9      [23] 5884 	inc	-23 (ix)
   2738 20 03         [12] 5885 	jr	NZ,00258$
   273A DD 34 EA      [23] 5886 	inc	-22 (ix)
   273D                    5887 00258$:
   273D                    5888 00114$:
                           5889 ;fat.c:1204: resp = fat_seek_free_cluster(&entry, clen);
   273D 21 2A 00      [10] 5890 	ld	hl,#0x002A
   2740 39            [11] 5891 	add	hl,sp
   2741 DD 75 FE      [19] 5892 	ld	-2 (ix),l
   2744 DD 74 FF      [19] 5893 	ld	-1 (ix),h
   2747 DD 6E E9      [19] 5894 	ld	l,-23 (ix)
   274A DD 66 EA      [19] 5895 	ld	h,-22 (ix)
   274D E5            [11] 5896 	push	hl
   274E DD 6E FE      [19] 5897 	ld	l,-2 (ix)
   2751 DD 66 FF      [19] 5898 	ld	h,-1 (ix)
   2754 E5            [11] 5899 	push	hl
   2755 CDr1Cr17      [17] 5900 	call	_fat_seek_free_cluster
   2758 F1            [10] 5901 	pop	af
   2759 F1            [10] 5902 	pop	af
                           5903 ;fat.c:1205: if (resp)return resp;
   275A DD 75 C7      [19] 5904 	ld	-57 (ix), l
   275D 7D            [ 4] 5905 	ld	a, l
   275E B7            [ 4] 5906 	or	a, a
   275F 28 06         [12] 5907 	jr	Z,00116$
   2761 DD 6E C7      [19] 5908 	ld	l,-57 (ix)
   2764 C3r49r2A      [10] 5909 	jp	00158$
   2767                    5910 00116$:
                           5911 ;fat.c:1206: resp = fat_catch_clusters(entry, clen);
   2767 DD 6E E9      [19] 5912 	ld	l,-23 (ix)
   276A DD 66 EA      [19] 5913 	ld	h,-22 (ix)
   276D E5            [11] 5914 	push	hl
   276E DD 6E ED      [19] 5915 	ld	l,-19 (ix)
   2771 DD 66 EE      [19] 5916 	ld	h,-18 (ix)
   2774 E5            [11] 5917 	push	hl
   2775 DD 6E EB      [19] 5918 	ld	l,-21 (ix)
   2778 DD 66 EC      [19] 5919 	ld	h,-20 (ix)
   277B E5            [11] 5920 	push	hl
   277C CDr79r19      [17] 5921 	call	_fat_catch_clusters
   277F F1            [10] 5922 	pop	af
   2780 F1            [10] 5923 	pop	af
   2781 F1            [10] 5924 	pop	af
                           5925 ;fat.c:1207: if (resp)return resp;
   2782 DD 75 C7      [19] 5926 	ld	-57 (ix), l
   2785 7D            [ 4] 5927 	ld	a, l
   2786 B7            [ 4] 5928 	or	a, a
   2787 28 06         [12] 5929 	jr	Z,00118$
   2789 DD 6E C7      [19] 5930 	ld	l,-57 (ix)
   278C C3r49r2A      [10] 5931 	jp	00158$
   278F                    5932 00118$:
                           5933 ;fat.c:1209: if (is_dir) {
   278F DD 7E 0C      [19] 5934 	ld	a,12 (ix)
   2792 B7            [ 4] 5935 	or	a, a
   2793 28 25         [12] 5936 	jr	Z,00122$
                           5937 ;fat.c:1210: resp = fat_clean_cluster(entry, 1);
   2795 21 01 00      [10] 5938 	ld	hl,#0x0001
   2798 E5            [11] 5939 	push	hl
   2799 DD 6E ED      [19] 5940 	ld	l,-19 (ix)
   279C DD 66 EE      [19] 5941 	ld	h,-18 (ix)
   279F E5            [11] 5942 	push	hl
   27A0 DD 6E EB      [19] 5943 	ld	l,-21 (ix)
   27A3 DD 66 EC      [19] 5944 	ld	h,-20 (ix)
   27A6 E5            [11] 5945 	push	hl
   27A7 CDr3Cr20      [17] 5946 	call	_fat_clean_cluster
   27AA F1            [10] 5947 	pop	af
   27AB F1            [10] 5948 	pop	af
   27AC F1            [10] 5949 	pop	af
                           5950 ;fat.c:1211: if (resp)return resp;
   27AD DD 75 C7      [19] 5951 	ld	-57 (ix), l
   27B0 7D            [ 4] 5952 	ld	a, l
   27B1 B7            [ 4] 5953 	or	a, a
   27B2 28 06         [12] 5954 	jr	Z,00122$
   27B4 DD 6E C7      [19] 5955 	ld	l,-57 (ix)
   27B7 C3r49r2A      [10] 5956 	jp	00158$
   27BA                    5957 00122$:
                           5958 ;fat.c:1215: len32 = 0;
   27BA DD 36 E2 00   [19] 5959 	ld	-30 (ix),#0x00
                           5960 ;fat.c:1216: if (str_len == 11) {
   27BE DD 7E D4      [19] 5961 	ld	a,-44 (ix)
   27C1 D6 0B         [ 7] 5962 	sub	a, #0x0B
   27C3 20 18         [12] 5963 	jr	NZ,00124$
                           5964 ;fat.c:1217: sysMemCopy(name_ptr, dos_name, 11);
   27C5 21 16 00      [10] 5965 	ld	hl,#0x0016
   27C8 39            [11] 5966 	add	hl,sp
   27C9 01 0B 00      [10] 5967 	ld	bc,#0x000B
   27CC C5            [11] 5968 	push	bc
   27CD E5            [11] 5969 	push	hl
   27CE DD 6E D5      [19] 5970 	ld	l,-43 (ix)
   27D1 DD 66 D6      [19] 5971 	ld	h,-42 (ix)
   27D4 E5            [11] 5972 	push	hl
   27D5 CDr00r00      [17] 5973 	call	_sysMemCopy
   27D8 21 06 00      [10] 5974 	ld	hl,#0x0006
   27DB 39            [11] 5975 	add	hl,sp
   27DC F9            [ 6] 5976 	ld	sp,hl
   27DD                    5977 00124$:
                           5978 ;fat.c:1219: if (str_len > 11) {
   27DD 3E 0B         [ 7] 5979 	ld	a,#0x0B
   27DF DD 96 D4      [19] 5980 	sub	a, -44 (ix)
   27E2 30 3E         [12] 5981 	jr	NC,00128$
                           5982 ;fat.c:1220: len32 = str_len / 13;
   27E4 3E 0D         [ 7] 5983 	ld	a,#0x0D
   27E6 F5            [11] 5984 	push	af
   27E7 33            [ 6] 5985 	inc	sp
   27E8 DD 7E D4      [19] 5986 	ld	a,-44 (ix)
   27EB F5            [11] 5987 	push	af
   27EC 33            [ 6] 5988 	inc	sp
   27ED CDr00r00      [17] 5989 	call	__divuchar_rrx_s
   27F0 F1            [10] 5990 	pop	af
   27F1 DD 75 E2      [19] 5991 	ld	-30 (ix),l
                           5992 ;fat.c:1221: if (str_len % 13 != 0)len32++;
   27F4 3E 0D         [ 7] 5993 	ld	a,#0x0D
   27F6 F5            [11] 5994 	push	af
   27F7 33            [ 6] 5995 	inc	sp
   27F8 DD 7E D4      [19] 5996 	ld	a,-44 (ix)
   27FB F5            [11] 5997 	push	af
   27FC 33            [ 6] 5998 	inc	sp
   27FD CDr00r00      [17] 5999 	call	__moduchar_rrx_s
   2800 F1            [10] 6000 	pop	af
   2801 7D            [ 4] 6001 	ld	a,l
   2802 B7            [ 4] 6002 	or	a, a
   2803 28 03         [12] 6003 	jr	Z,00126$
   2805 DD 34 E2      [23] 6004 	inc	-30 (ix)
   2808                    6005 00126$:
                           6006 ;fat.c:1223: crc = fat_make_dos_name(name_ptr, dos_name, fat_dir_size);
   2808 21 16 00      [10] 6007 	ld	hl,#0x0016
   280B 39            [11] 6008 	add	hl,sp
   280C EB            [ 4] 6009 	ex	de,hl
   280D 2Ar2Dr00      [16] 6010 	ld	hl,(_fat_dir_size)
   2810 E5            [11] 6011 	push	hl
   2811 D5            [11] 6012 	push	de
   2812 DD 6E D5      [19] 6013 	ld	l,-43 (ix)
   2815 DD 66 D6      [19] 6014 	ld	h,-42 (ix)
   2818 E5            [11] 6015 	push	hl
   2819 CDrB3r24      [17] 6016 	call	_fat_make_dos_name
   281C F1            [10] 6017 	pop	af
   281D F1            [10] 6018 	pop	af
   281E F1            [10] 6019 	pop	af
   281F DD 75 C6      [19] 6020 	ld	-58 (ix),l
   2822                    6021 00128$:
                           6022 ;fat.c:1227: attrib = is_dir ? 0x10 : 0x20;
   2822 DD 7E 0C      [19] 6023 	ld	a,12 (ix)
   2825 B7            [ 4] 6024 	or	a, a
   2826 28 04         [12] 6025 	jr	Z,00160$
   2828 3E 10         [ 7] 6026 	ld	a,#0x10
   282A 18 02         [12] 6027 	jr	00161$
   282C                    6028 00160$:
   282C 3E 20         [ 7] 6029 	ld	a,#0x20
   282E                    6030 00161$:
   282E DD 77 C5      [19] 6031 	ld	-59 (ix),a
                           6032 ;fat.c:1229: sector = 0;
   2831 AF            [ 4] 6033 	xor	a, a
   2832 DD 77 E3      [19] 6034 	ld	-29 (ix),a
   2835 DD 77 E4      [19] 6035 	ld	-28 (ix),a
   2838 DD 77 E5      [19] 6036 	ld	-27 (ix),a
   283B DD 77 E6      [19] 6037 	ld	-26 (ix),a
                           6038 ;fat.c:1230: ptr = (u8 *) & fat_dat[512 - 32];
   283E 3Ar32r00      [13] 6039 	ld	a,(#_fat_dat + 0)
   2841 C6 E0         [ 7] 6040 	add	a, #0xE0
   2843 DD 77 C2      [19] 6041 	ld	-62 (ix),a
   2846 3Ar33r00      [13] 6042 	ld	a,(#_fat_dat + 1)
   2849 CE 01         [ 7] 6043 	adc	a, #0x01
   284B DD 77 C3      [19] 6044 	ld	-61 (ix),a
   284E                    6045 00154$:
                           6046 ;fat.c:1233: resp = fat_next_dir_sector(&dir_entry, &sector, &in_clust);
   284E 21 03 00      [10] 6047 	ld	hl,#0x0003
   2851 39            [11] 6048 	add	hl,sp
   2852 DD 75 FE      [19] 6049 	ld	-2 (ix),l
   2855 DD 74 FF      [19] 6050 	ld	-1 (ix),h
   2858 DD 7E FE      [19] 6051 	ld	a,-2 (ix)
   285B DD 77 F5      [19] 6052 	ld	-11 (ix),a
   285E DD 7E FF      [19] 6053 	ld	a,-1 (ix)
   2861 DD 77 F6      [19] 6054 	ld	-10 (ix),a
   2864 21 22 00      [10] 6055 	ld	hl,#0x0022
   2867 39            [11] 6056 	add	hl,sp
   2868 DD 75 FC      [19] 6057 	ld	-4 (ix),l
   286B DD 74 FD      [19] 6058 	ld	-3 (ix),h
   286E DD 7E FC      [19] 6059 	ld	a,-4 (ix)
   2871 DD 77 F1      [19] 6060 	ld	-15 (ix),a
   2874 DD 7E FD      [19] 6061 	ld	a,-3 (ix)
   2877 DD 77 F2      [19] 6062 	ld	-14 (ix),a
   287A 21 45 00      [10] 6063 	ld	hl,#0x0045
   287D 39            [11] 6064 	add	hl,sp
   287E DD 75 F3      [19] 6065 	ld	-13 (ix),l
   2881 DD 74 F4      [19] 6066 	ld	-12 (ix),h
   2884 DD 7E F3      [19] 6067 	ld	a,-13 (ix)
   2887 DD 77 EF      [19] 6068 	ld	-17 (ix),a
   288A DD 7E F4      [19] 6069 	ld	a,-12 (ix)
   288D DD 77 F0      [19] 6070 	ld	-16 (ix),a
   2890 DD 6E F5      [19] 6071 	ld	l,-11 (ix)
   2893 DD 66 F6      [19] 6072 	ld	h,-10 (ix)
   2896 E5            [11] 6073 	push	hl
   2897 DD 6E F1      [19] 6074 	ld	l,-15 (ix)
   289A DD 66 F2      [19] 6075 	ld	h,-14 (ix)
   289D E5            [11] 6076 	push	hl
   289E DD 6E EF      [19] 6077 	ld	l,-17 (ix)
   28A1 DD 66 F0      [19] 6078 	ld	h,-16 (ix)
   28A4 E5            [11] 6079 	push	hl
   28A5 CDr35r23      [17] 6080 	call	_fat_next_dir_sector
   28A8 F1            [10] 6081 	pop	af
   28A9 F1            [10] 6082 	pop	af
   28AA F1            [10] 6083 	pop	af
                           6084 ;fat.c:1234: if (resp)return resp;
   28AB DD 75 C7      [19] 6085 	ld	-57 (ix), l
   28AE 7D            [ 4] 6086 	ld	a, l
   28AF B7            [ 4] 6087 	or	a, a
   28B0 28 06         [12] 6088 	jr	Z,00130$
   28B2 DD 6E C7      [19] 6089 	ld	l,-57 (ix)
   28B5 C3r49r2A      [10] 6090 	jp	00158$
   28B8                    6091 00130$:
                           6092 ;fat.c:1236: if (*ptr != 0)continue;
   28B8 DD 6E C2      [19] 6093 	ld	l,-62 (ix)
   28BB DD 66 C3      [19] 6094 	ld	h,-61 (ix)
   28BE 7E            [ 7] 6095 	ld	a,(hl)
   28BF DD 77 EF      [19] 6096 	ld	-17 (ix), a
   28C2 B7            [ 4] 6097 	or	a, a
   28C3 20 89         [12] 6098 	jr	NZ,00154$
                           6099 ;fat.c:1238: for (rec_idx = 0; rec_idx < 512; rec_idx += 32) {
   28C5 DD 36 E7 00   [19] 6100 	ld	-25 (ix),#0x00
   28C9 DD 36 E8 00   [19] 6101 	ld	-24 (ix),#0x00
   28CD                    6102 00152$:
                           6103 ;fat.c:1239: if (fat_dat[rec_idx] == 0)break;
   28CD FD 2Ar32r00   [20] 6104 	ld	iy,(_fat_dat)
   28D1 DD 5E E7      [19] 6105 	ld	e,-25 (ix)
   28D4 DD 56 E8      [19] 6106 	ld	d,-24 (ix)
   28D7 FD 19         [15] 6107 	add	iy, de
   28D9 FD 7E 00      [19] 6108 	ld	a, 0 (iy)
   28DC B7            [ 4] 6109 	or	a, a
   28DD 28 14         [12] 6110 	jr	Z,00135$
                           6111 ;fat.c:1238: for (rec_idx = 0; rec_idx < 512; rec_idx += 32) {
   28DF DD 7E E7      [19] 6112 	ld	a,-25 (ix)
   28E2 C6 20         [ 7] 6113 	add	a, #0x20
   28E4 DD 77 E7      [19] 6114 	ld	-25 (ix),a
   28E7 DD 7E E8      [19] 6115 	ld	a,-24 (ix)
   28EA CE 00         [ 7] 6116 	adc	a, #0x00
   28EC DD 77 E8      [19] 6117 	ld	-24 (ix), a
   28EF E6 FE         [ 7] 6118 	and	a, #0xFE
   28F1 28 DA         [12] 6119 	jr	Z,00152$
   28F3                    6120 00135$:
                           6121 ;fat.c:1241: if (rec_idx != 512)break;
   28F3 DD 7E E7      [19] 6122 	ld	a,-25 (ix)
   28F6 B7            [ 4] 6123 	or	a, a
   28F7 20 08         [12] 6124 	jr	NZ,00262$
   28F9 DD 7E E8      [19] 6125 	ld	a,-24 (ix)
   28FC D6 02         [ 7] 6126 	sub	a, #0x02
   28FE CAr4Er28      [10] 6127 	jp	Z,00154$
   2901                    6128 00262$:
                           6129 ;fat.c:1245: rec_idx /= 32;
   2901 DD CB E8 3E   [23] 6130 	srl	-24 (ix)
   2905 DD CB E7 1E   [23] 6131 	rr	-25 (ix)
   2909 DD CB E8 3E   [23] 6132 	srl	-24 (ix)
   290D DD CB E7 1E   [23] 6133 	rr	-25 (ix)
   2911 DD CB E8 3E   [23] 6134 	srl	-24 (ix)
   2915 DD CB E7 1E   [23] 6135 	rr	-25 (ix)
   2919 DD CB E8 3E   [23] 6136 	srl	-24 (ix)
   291D DD CB E7 1E   [23] 6137 	rr	-25 (ix)
   2921 DD CB E8 3E   [23] 6138 	srl	-24 (ix)
   2925 DD CB E7 1E   [23] 6139 	rr	-25 (ix)
                           6140 ;fat.c:1246: for (i = 0; i < len32; i++) {
   2929 DD 7E FE      [19] 6141 	ld	a,-2 (ix)
   292C DD 77 EF      [19] 6142 	ld	-17 (ix),a
   292F DD 7E FF      [19] 6143 	ld	a,-1 (ix)
   2932 DD 77 F0      [19] 6144 	ld	-16 (ix),a
   2935 DD 7E FC      [19] 6145 	ld	a,-4 (ix)
   2938 DD 77 F1      [19] 6146 	ld	-15 (ix),a
   293B DD 7E FD      [19] 6147 	ld	a,-3 (ix)
   293E DD 77 F2      [19] 6148 	ld	-14 (ix),a
   2941 DD 36 C1 00   [19] 6149 	ld	-63 (ix),#0x00
   2945                    6150 00156$:
                           6151 ;fat.c:1248: fat_make_lfn(name_ptr, rec_idx, len32 - i - 1, crc);
   2945 DD 7E E7      [19] 6152 	ld	a,-25 (ix)
   2948 DD 77 FC      [19] 6153 	ld	-4 (ix),a
                           6154 ;fat.c:1246: for (i = 0; i < len32; i++) {
   294B DD 7E C1      [19] 6155 	ld	a,-63 (ix)
   294E DD 96 E2      [19] 6156 	sub	a, -30 (ix)
   2951 30 7C         [12] 6157 	jr	NC,00146$
                           6158 ;fat.c:1248: fat_make_lfn(name_ptr, rec_idx, len32 - i - 1, crc);
   2953 DD 7E E2      [19] 6159 	ld	a,-30 (ix)
   2956 DD 96 C1      [19] 6160 	sub	a, -63 (ix)
   2959 57            [ 4] 6161 	ld	d,a
   295A 15            [ 4] 6162 	dec	d
   295B DD 7E C6      [19] 6163 	ld	a,-58 (ix)
   295E F5            [11] 6164 	push	af
   295F 33            [ 6] 6165 	inc	sp
   2960 D5            [11] 6166 	push	de
   2961 33            [ 6] 6167 	inc	sp
   2962 DD 7E FC      [19] 6168 	ld	a,-4 (ix)
   2965 F5            [11] 6169 	push	af
   2966 33            [ 6] 6170 	inc	sp
   2967 DD 6E D5      [19] 6171 	ld	l,-43 (ix)
   296A DD 66 D6      [19] 6172 	ld	h,-42 (ix)
   296D E5            [11] 6173 	push	hl
   296E CDr76r22      [17] 6174 	call	_fat_make_lfn
   2971 F1            [10] 6175 	pop	af
   2972 F1            [10] 6176 	pop	af
   2973 33            [ 6] 6177 	inc	sp
                           6178 ;fat.c:1249: rec_idx++;
   2974 DD 34 E7      [23] 6179 	inc	-25 (ix)
   2977 20 03         [12] 6180 	jr	NZ,00263$
   2979 DD 34 E8      [23] 6181 	inc	-24 (ix)
   297C                    6182 00263$:
                           6183 ;fat.c:1250: if (rec_idx == 16) {
   297C DD 7E E7      [19] 6184 	ld	a,-25 (ix)
   297F D6 10         [ 7] 6185 	sub	a, #0x10
   2981 20 46         [12] 6186 	jr	NZ,00157$
   2983 DD 7E E8      [19] 6187 	ld	a,-24 (ix)
   2986 B7            [ 4] 6188 	or	a, a
   2987 20 40         [12] 6189 	jr	NZ,00157$
                           6190 ;fat.c:1251: rec_idx = 0;
   2989 DD 36 E7 00   [19] 6191 	ld	-25 (ix),#0x00
   298D DD 36 E8 00   [19] 6192 	ld	-24 (ix),#0x00
                           6193 ;fat.c:1252: resp = fat_cache_save_data();
   2991 CDr61r19      [17] 6194 	call	_fat_cache_save_data
                           6195 ;fat.c:1253: if (resp)return resp;
   2994 DD 75 C7      [19] 6196 	ld	-57 (ix), l
   2997 7D            [ 4] 6197 	ld	a, l
   2998 B7            [ 4] 6198 	or	a, a
   2999 28 06         [12] 6199 	jr	Z,00141$
   299B DD 6E C7      [19] 6200 	ld	l,-57 (ix)
   299E C3r49r2A      [10] 6201 	jp	00158$
   29A1                    6202 00141$:
                           6203 ;fat.c:1254: resp = fat_next_dir_sector(&dir_entry, &sector, &in_clust);
   29A1 DD 6E EF      [19] 6204 	ld	l,-17 (ix)
   29A4 DD 66 F0      [19] 6205 	ld	h,-16 (ix)
   29A7 DD 5E F1      [19] 6206 	ld	e,-15 (ix)
   29AA DD 56 F2      [19] 6207 	ld	d,-14 (ix)
   29AD DD 4E F3      [19] 6208 	ld	c,-13 (ix)
   29B0 DD 46 F4      [19] 6209 	ld	b,-12 (ix)
   29B3 E5            [11] 6210 	push	hl
   29B4 D5            [11] 6211 	push	de
   29B5 C5            [11] 6212 	push	bc
   29B6 CDr35r23      [17] 6213 	call	_fat_next_dir_sector
   29B9 F1            [10] 6214 	pop	af
   29BA F1            [10] 6215 	pop	af
   29BB F1            [10] 6216 	pop	af
                           6217 ;fat.c:1255: if (resp)return resp;
   29BC DD 75 C7      [19] 6218 	ld	-57 (ix), l
   29BF 7D            [ 4] 6219 	ld	a, l
   29C0 B7            [ 4] 6220 	or	a, a
   29C1 28 06         [12] 6221 	jr	Z,00157$
   29C3 DD 6E C7      [19] 6222 	ld	l,-57 (ix)
   29C6 C3r49r2A      [10] 6223 	jp	00158$
   29C9                    6224 00157$:
                           6225 ;fat.c:1246: for (i = 0; i < len32; i++) {
   29C9 DD 34 C1      [23] 6226 	inc	-63 (ix)
   29CC C3r45r29      [10] 6227 	jp	00156$
   29CF                    6228 00146$:
                           6229 ;fat.c:1259: if (is_dir)slen = 0;
   29CF DD 7E 0C      [19] 6230 	ld	a,12 (ix)
   29D2 B7            [ 4] 6231 	or	a, a
   29D3 28 08         [12] 6232 	jr	Z,00148$
   29D5 DD 36 0A 00   [19] 6233 	ld	10 (ix),#0x00
   29D9 DD 36 0B 00   [19] 6234 	ld	11 (ix),#0x00
   29DD                    6235 00148$:
                           6236 ;fat.c:1260: resp = fat_make_hdr(dos_name, rec_idx, attrib, entry, (u32) slen * 512);
   29DD DD 7E 0A      [19] 6237 	ld	a,10 (ix)
   29E0 DD 77 F8      [19] 6238 	ld	-8 (ix),a
   29E3 DD 7E 0B      [19] 6239 	ld	a,11 (ix)
   29E6 DD 77 F9      [19] 6240 	ld	-7 (ix),a
   29E9 DD 36 FA 00   [19] 6241 	ld	-6 (ix),#0x00
   29ED DD 36 FB 00   [19] 6242 	ld	-5 (ix),#0x00
   29F1 F5            [11] 6243 	push	af
   29F2 F1            [10] 6244 	pop	af
   29F3 06 09         [ 7] 6245 	ld	b,#0x09
   29F5                    6246 00266$:
   29F5 DD CB F8 26   [23] 6247 	sla	-8 (ix)
   29F9 DD CB F9 16   [23] 6248 	rl	-7 (ix)
   29FD DD CB FA 16   [23] 6249 	rl	-6 (ix)
   2A01 DD CB FB 16   [23] 6250 	rl	-5 (ix)
   2A05 10 EE         [13] 6251 	djnz	00266$
   2A07 21 16 00      [10] 6252 	ld	hl,#0x0016
   2A0A 39            [11] 6253 	add	hl,sp
   2A0B DD 75 EF      [19] 6254 	ld	-17 (ix),l
   2A0E DD 74 F0      [19] 6255 	ld	-16 (ix),h
   2A11 DD 6E FA      [19] 6256 	ld	l,-6 (ix)
   2A14 DD 66 FB      [19] 6257 	ld	h,-5 (ix)
   2A17 E5            [11] 6258 	push	hl
   2A18 DD 6E F8      [19] 6259 	ld	l,-8 (ix)
   2A1B DD 66 F9      [19] 6260 	ld	h,-7 (ix)
   2A1E E5            [11] 6261 	push	hl
   2A1F DD 6E ED      [19] 6262 	ld	l,-19 (ix)
   2A22 DD 66 EE      [19] 6263 	ld	h,-18 (ix)
   2A25 E5            [11] 6264 	push	hl
   2A26 DD 6E EB      [19] 6265 	ld	l,-21 (ix)
   2A29 DD 66 EC      [19] 6266 	ld	h,-20 (ix)
   2A2C E5            [11] 6267 	push	hl
   2A2D DD 66 C5      [19] 6268 	ld	h,-59 (ix)
   2A30 DD 6E FC      [19] 6269 	ld	l,-4 (ix)
   2A33 E5            [11] 6270 	push	hl
   2A34 DD 6E EF      [19] 6271 	ld	l,-17 (ix)
   2A37 DD 66 F0      [19] 6272 	ld	h,-16 (ix)
   2A3A E5            [11] 6273 	push	hl
   2A3B CDr19r21      [17] 6274 	call	_fat_make_hdr
   2A3E FD 21 0C 00   [14] 6275 	ld	iy,#0x000C
   2A42 FD 39         [15] 6276 	add	iy,sp
   2A44 FD F9         [10] 6277 	ld	sp,iy
                           6278 ;fat.c:1263: return resp;
   2A46 DD 75 C7      [19] 6279 	ld	-57 (ix), l
   2A49                    6280 00158$:
   2A49 DD F9         [10] 6281 	ld	sp,ix
   2A4B DD E1         [14] 6282 	pop	ix
   2A4D C9            [10] 6283 	ret
   2A4E                    6284 _fat_make_record_end::
                           6285 ;fat.c:1268: u8 fat_make_dir(FatFullRecord *rec, u8 *name) {
                           6286 ;	---------------------------------
                           6287 ; Function fat_make_dir
                           6288 ; ---------------------------------
   2A4E                    6289 _fat_make_dir_start::
   2A4E                    6290 _fat_make_dir:
   2A4E DD E5         [15] 6291 	push	ix
   2A50 DD 21 00 00   [14] 6292 	ld	ix,#0
   2A54 DD 39         [15] 6293 	add	ix,sp
   2A56 21 FB FF      [10] 6294 	ld	hl,#-5
   2A59 39            [11] 6295 	add	hl,sp
   2A5A F9            [ 6] 6296 	ld	sp,hl
                           6297 ;fat.c:1276: resp = fat_seek_record(name, rec, &root, 1);
   2A5B 21 00 00      [10] 6298 	ld	hl,#0x0000
   2A5E 39            [11] 6299 	add	hl,sp
   2A5F 4D            [ 4] 6300 	ld	c,l
   2A60 44            [ 4] 6301 	ld	b,h
   2A61 59            [ 4] 6302 	ld	e, c
   2A62 50            [ 4] 6303 	ld	d, b
   2A63 C5            [11] 6304 	push	bc
   2A64 3E 01         [ 7] 6305 	ld	a,#0x01
   2A66 F5            [11] 6306 	push	af
   2A67 33            [ 6] 6307 	inc	sp
   2A68 D5            [11] 6308 	push	de
   2A69 DD 6E 04      [19] 6309 	ld	l,4 (ix)
   2A6C DD 66 05      [19] 6310 	ld	h,5 (ix)
   2A6F E5            [11] 6311 	push	hl
   2A70 DD 6E 06      [19] 6312 	ld	l,6 (ix)
   2A73 DD 66 07      [19] 6313 	ld	h,7 (ix)
   2A76 E5            [11] 6314 	push	hl
   2A77 CDr74r14      [17] 6315 	call	_fat_seek_record
   2A7A F1            [10] 6316 	pop	af
   2A7B F1            [10] 6317 	pop	af
   2A7C F1            [10] 6318 	pop	af
   2A7D 33            [ 6] 6319 	inc	sp
   2A7E C1            [10] 6320 	pop	bc
                           6321 ;fat.c:1279: if (resp == 0)return FAT_ERR_EXIST;
   2A7F DD 75 FF      [19] 6322 	ld	-1 (ix), l
   2A82 7D            [ 4] 6323 	ld	a, l
   2A83 B7            [ 4] 6324 	or	a, a
   2A84 20 05         [12] 6325 	jr	NZ,00102$
   2A86 2E F1         [ 7] 6326 	ld	l,#0xF1
   2A88 C3rC5r2B      [10] 6327 	jp	00117$
   2A8B                    6328 00102$:
                           6329 ;fat.c:1280: if (resp == FAT_ERR_NOT_EXIST) {
   2A8B DD 7E FF      [19] 6330 	ld	a,-1 (ix)
   2A8E D6 F0         [ 7] 6331 	sub	a, #0xF0
   2A90 C2rC2r2B      [10] 6332 	jp	NZ,00116$
                           6333 ;fat.c:1281: if (root == FAT_END_VAL)return FAT_ERR_PATH_NOT_EXIST;
   2A93 DD 7E FB      [19] 6334 	ld	a,-5 (ix)
   2A96 3C            [ 4] 6335 	inc	a
   2A97 20 18         [12] 6336 	jr	NZ,00104$
   2A99 DD 7E FC      [19] 6337 	ld	a,-4 (ix)
   2A9C 3C            [ 4] 6338 	inc	a
   2A9D 20 12         [12] 6339 	jr	NZ,00104$
   2A9F DD 7E FD      [19] 6340 	ld	a,-3 (ix)
   2AA2 3C            [ 4] 6341 	inc	a
   2AA3 20 0C         [12] 6342 	jr	NZ,00104$
   2AA5 DD 7E FE      [19] 6343 	ld	a,-2 (ix)
   2AA8 D6 0F         [ 7] 6344 	sub	a, #0x0F
   2AAA 20 05         [12] 6345 	jr	NZ,00104$
   2AAC 2E FA         [ 7] 6346 	ld	l,#0xFA
   2AAE C3rC5r2B      [10] 6347 	jp	00117$
   2AB1                    6348 00104$:
                           6349 ;fat.c:1282: resp = fat_make_record(name, root, fat_cluster_size, 1);
   2AB1 21r22r00      [10] 6350 	ld	hl,#_fat_cluster_size + 0
   2AB4 5E            [ 7] 6351 	ld	e, (hl)
   2AB5 16 00         [ 7] 6352 	ld	d,#0x00
   2AB7 C5            [11] 6353 	push	bc
   2AB8 3E 01         [ 7] 6354 	ld	a,#0x01
   2ABA F5            [11] 6355 	push	af
   2ABB 33            [ 6] 6356 	inc	sp
   2ABC D5            [11] 6357 	push	de
   2ABD DD 6E FD      [19] 6358 	ld	l,-3 (ix)
   2AC0 DD 66 FE      [19] 6359 	ld	h,-2 (ix)
   2AC3 E5            [11] 6360 	push	hl
   2AC4 DD 6E FB      [19] 6361 	ld	l,-5 (ix)
   2AC7 DD 66 FC      [19] 6362 	ld	h,-4 (ix)
   2ACA E5            [11] 6363 	push	hl
   2ACB DD 6E 06      [19] 6364 	ld	l,6 (ix)
   2ACE DD 66 07      [19] 6365 	ld	h,7 (ix)
   2AD1 E5            [11] 6366 	push	hl
   2AD2 CDr2Ar26      [17] 6367 	call	_fat_make_record
   2AD5 FD 21 09 00   [14] 6368 	ld	iy,#0x0009
   2AD9 FD 39         [15] 6369 	add	iy,sp
   2ADB FD F9         [10] 6370 	ld	sp,iy
   2ADD C1            [10] 6371 	pop	bc
                           6372 ;fat.c:1283: if (resp)return resp;
   2ADE DD 75 FF      [19] 6373 	ld	-1 (ix), l
   2AE1 7D            [ 4] 6374 	ld	a, l
   2AE2 B7            [ 4] 6375 	or	a, a
   2AE3 28 06         [12] 6376 	jr	Z,00106$
   2AE5 DD 6E FF      [19] 6377 	ld	l,-1 (ix)
   2AE8 C3rC5r2B      [10] 6378 	jp	00117$
   2AEB                    6379 00106$:
                           6380 ;fat.c:1285: resp = fat_seek_record(name, rec, &root, 1);
   2AEB 3E 01         [ 7] 6381 	ld	a,#0x01
   2AED F5            [11] 6382 	push	af
   2AEE 33            [ 6] 6383 	inc	sp
   2AEF C5            [11] 6384 	push	bc
   2AF0 DD 6E 04      [19] 6385 	ld	l,4 (ix)
   2AF3 DD 66 05      [19] 6386 	ld	h,5 (ix)
   2AF6 E5            [11] 6387 	push	hl
   2AF7 DD 6E 06      [19] 6388 	ld	l,6 (ix)
   2AFA DD 66 07      [19] 6389 	ld	h,7 (ix)
   2AFD E5            [11] 6390 	push	hl
   2AFE CDr74r14      [17] 6391 	call	_fat_seek_record
   2B01 F1            [10] 6392 	pop	af
   2B02 F1            [10] 6393 	pop	af
   2B03 F1            [10] 6394 	pop	af
   2B04 33            [ 6] 6395 	inc	sp
                           6396 ;fat.c:1286: if (resp == FAT_ERR_NOT_EXIST)return FAT_ERR_DIR_MAKE;
   2B05 DD 75 FF      [19] 6397 	ld	-1 (ix), l
   2B08 7D            [ 4] 6398 	ld	a, l
   2B09 D6 F0         [ 7] 6399 	sub	a, #0xF0
   2B0B 20 05         [12] 6400 	jr	NZ,00108$
   2B0D 2E FF         [ 7] 6401 	ld	l,#0xFF
   2B0F C3rC5r2B      [10] 6402 	jp	00117$
   2B12                    6403 00108$:
                           6404 ;fat.c:1287: if (resp)return resp;
   2B12 DD 7E FF      [19] 6405 	ld	a,-1 (ix)
   2B15 B7            [ 4] 6406 	or	a, a
   2B16 28 06         [12] 6407 	jr	Z,00110$
   2B18 DD 6E FF      [19] 6408 	ld	l,-1 (ix)
   2B1B C3rC5r2B      [10] 6409 	jp	00117$
   2B1E                    6410 00110$:
                           6411 ;fat.c:1288: sector = fat_cluster_to_sector(rec->data_clsut);
   2B1E DD 6E 04      [19] 6412 	ld	l,4 (ix)
   2B21 DD 66 05      [19] 6413 	ld	h,5 (ix)
   2B24 01 DC 00      [10] 6414 	ld	bc,#0x00DC
   2B27 09            [11] 6415 	add	hl,bc
   2B28 E5            [11] 6416 	push	hl
   2B29 5E            [ 7] 6417 	ld	e,(hl)
   2B2A 23            [ 6] 6418 	inc	hl
   2B2B 56            [ 7] 6419 	ld	d,(hl)
   2B2C 23            [ 6] 6420 	inc	hl
   2B2D 4E            [ 7] 6421 	ld	c,(hl)
   2B2E 23            [ 6] 6422 	inc	hl
   2B2F 46            [ 7] 6423 	ld	b,(hl)
   2B30 C5            [11] 6424 	push	bc
   2B31 D5            [11] 6425 	push	de
   2B32 CDr2Dr08      [17] 6426 	call	_fat_cluster_to_sector
   2B35 F1            [10] 6427 	pop	af
   2B36 F1            [10] 6428 	pop	af
   2B37 D5            [11] 6429 	push	de
   2B38 E5            [11] 6430 	push	hl
   2B39 CDr13r02      [17] 6431 	call	_fat_cache_read_dat
   2B3C F1            [10] 6432 	pop	af
   2B3D F1            [10] 6433 	pop	af
   2B3E 7D            [ 4] 6434 	ld	a,l
   2B3F E1            [10] 6435 	pop	hl
                           6436 ;fat.c:1290: if (resp)return resp;
   2B40 DD 77 FF      [19] 6437 	ld	-1 (ix), a
   2B43 B7            [ 4] 6438 	or	a, a
   2B44 28 06         [12] 6439 	jr	Z,00112$
   2B46 DD 6E FF      [19] 6440 	ld	l,-1 (ix)
   2B49 C3rC5r2B      [10] 6441 	jp	00117$
   2B4C                    6442 00112$:
                           6443 ;fat.c:1293: fat_make_hdr("           ", 0, 0x10, rec->data_clsut, 0);
   2B4C 5E            [ 7] 6444 	ld	e,(hl)
   2B4D 23            [ 6] 6445 	inc	hl
   2B4E 56            [ 7] 6446 	ld	d,(hl)
   2B4F 23            [ 6] 6447 	inc	hl
   2B50 4E            [ 7] 6448 	ld	c,(hl)
   2B51 23            [ 6] 6449 	inc	hl
   2B52 46            [ 7] 6450 	ld	b,(hl)
   2B53 21 00 00      [10] 6451 	ld	hl,#0x0000
   2B56 E5            [11] 6452 	push	hl
   2B57 21 00 00      [10] 6453 	ld	hl,#0x0000
   2B5A E5            [11] 6454 	push	hl
   2B5B C5            [11] 6455 	push	bc
   2B5C D5            [11] 6456 	push	de
   2B5D 26 10         [ 7] 6457 	ld	h, #0x10
   2B5F E5            [11] 6458 	push	hl
   2B60 21rCAr2B      [10] 6459 	ld	hl,#__str_3
   2B63 E5            [11] 6460 	push	hl
   2B64 CDr19r21      [17] 6461 	call	_fat_make_hdr
   2B67 21 0C 00      [10] 6462 	ld	hl,#0x000C
   2B6A 39            [11] 6463 	add	hl,sp
   2B6B F9            [ 6] 6464 	ld	sp,hl
                           6465 ;fat.c:1294: fat_make_hdr("           ", 1, 0x10, root, 0);
   2B6C 11rCAr2B      [10] 6466 	ld	de,#__str_3
   2B6F 21 00 00      [10] 6467 	ld	hl,#0x0000
   2B72 E5            [11] 6468 	push	hl
   2B73 21 00 00      [10] 6469 	ld	hl,#0x0000
   2B76 E5            [11] 6470 	push	hl
   2B77 DD 6E FD      [19] 6471 	ld	l,-3 (ix)
   2B7A DD 66 FE      [19] 6472 	ld	h,-2 (ix)
   2B7D E5            [11] 6473 	push	hl
   2B7E DD 6E FB      [19] 6474 	ld	l,-5 (ix)
   2B81 DD 66 FC      [19] 6475 	ld	h,-4 (ix)
   2B84 E5            [11] 6476 	push	hl
   2B85 21 01 10      [10] 6477 	ld	hl,#0x1001
   2B88 E5            [11] 6478 	push	hl
   2B89 D5            [11] 6479 	push	de
   2B8A CDr19r21      [17] 6480 	call	_fat_make_hdr
   2B8D 21 0C 00      [10] 6481 	ld	hl,#0x000C
   2B90 39            [11] 6482 	add	hl,sp
   2B91 F9            [ 6] 6483 	ld	sp,hl
                           6484 ;fat.c:1295: fat_dat[0x00] = 0x2E;
   2B92 2Ar32r00      [16] 6485 	ld	hl,(_fat_dat)
   2B95 36 2E         [10] 6486 	ld	(hl),#0x2E
                           6487 ;fat.c:1296: fat_dat[0x20] = 0x2E;
   2B97 FD 21 20 00   [14] 6488 	ld	iy,#0x0020
   2B9B ED 5Br32r00   [20] 6489 	ld	de,(_fat_dat)
   2B9F FD 19         [15] 6490 	add	iy, de
   2BA1 FD 36 00 2E   [19] 6491 	ld	0 (iy), #0x2E
                           6492 ;fat.c:1297: fat_dat[0x21] = 0x2E;
   2BA5 FD 21 21 00   [14] 6493 	ld	iy,#0x0021
   2BA9 ED 5Br32r00   [20] 6494 	ld	de,(_fat_dat)
   2BAD FD 19         [15] 6495 	add	iy, de
   2BAF FD 36 00 2E   [19] 6496 	ld	0 (iy), #0x2E
                           6497 ;fat.c:1299: resp = fat_cache_save_data();
   2BB3 CDr61r19      [17] 6498 	call	_fat_cache_save_data
                           6499 ;fat.c:1300: if (resp)return resp;
   2BB6 DD 75 FF      [19] 6500 	ld	-1 (ix), l
   2BB9 7D            [ 4] 6501 	ld	a, l
   2BBA B7            [ 4] 6502 	or	a, a
   2BBB 28 05         [12] 6503 	jr	Z,00116$
   2BBD DD 6E FF      [19] 6504 	ld	l,-1 (ix)
   2BC0 18 03         [12] 6505 	jr	00117$
   2BC2                    6506 00116$:
                           6507 ;fat.c:1306: return resp;
   2BC2 DD 6E FF      [19] 6508 	ld	l,-1 (ix)
   2BC5                    6509 00117$:
   2BC5 DD F9         [10] 6510 	ld	sp,ix
   2BC7 DD E1         [14] 6511 	pop	ix
   2BC9 C9            [10] 6512 	ret
   2BCA                    6513 _fat_make_dir_end::
   2BCA                    6514 __str_3:
   2BCA 20 20 20 20 20 20  6515 	.ascii "           "
        20 20 20 20 20
   2BD5 00                 6516 	.db 0x00
                           6517 	.area _CODE
                           6518 	.area _INITIALIZER
                           6519 	.area _CABS (ABS)
